Edad,Segmento,Sexo,Trimestre,Cantidad
70 Y Más Años,Ocupados,Hombres,2020T3,30.7
De 16 a 19 años,Ocupados,Hombres,2020T3,79.6
De 20 a 24 años,Ocupados,Hombres,2020T3,438.9
De 25 a 29 años,Ocupados,Hombres,2020T3,800.2
De 30 a 34 años,Ocupados,Hombres,2020T3,1042.4
De 35 a 39 años,Ocupados,Hombres,2020T3,1319.6
De 40 a 44 años,Ocupados,Hombres,2020T3,1633.5
De 45 a 49 años,Ocupados,Hombres,2020T3,1605.5
De 50 a 54 años,Ocupados,Hombres,2020T3,1463.6
De 55 a 59 años,Ocupados,Hombres,2020T3,1216.7
De 60 a 64 años,Ocupados,Hombres,2020T3,709.8
De 65 a 69 años,Ocupados,Hombres,2020T3,113.6
70 Y Más Años,Ocupados,Hombres,2020T2,33.4
De 16 a 19 años,Ocupados,Hombres,2020T2,61.1
De 20 a 24 años,Ocupados,Hombres,2020T2,384.4
De 25 a 29 años,Ocupados,Hombres,2020T2,779.8
De 30 a 34 años,Ocupados,Hombres,2020T2,1012.6
De 35 a 39 años,Ocupados,Hombres,2020T2,1283.2
De 40 a 44 años,Ocupados,Hombres,2020T2,1595.1
De 45 a 49 años,Ocupados,Hombres,2020T2,1581.6
De 50 a 54 años,Ocupados,Hombres,2020T2,1431.7
De 55 a 59 años,Ocupados,Hombres,2020T2,1183.8
De 60 a 64 años,Ocupados,Hombres,2020T2,687
De 65 a 69 años,Ocupados,Hombres,2020T2,99.7
70 Y Más Años,Ocupados,Hombres,2020T1,38.4
De 16 a 19 años,Ocupados,Hombres,2020T1,84.3
De 20 a 24 años,Ocupados,Hombres,2020T1,468.5
De 25 a 29 años,Ocupados,Hombres,2020T1,880.1
De 30 a 34 años,Ocupados,Hombres,2020T1,1099.3
De 35 a 39 años,Ocupados,Hombres,2020T1,1368.4
De 40 a 44 años,Ocupados,Hombres,2020T1,1667.5
De 45 a 49 años,Ocupados,Hombres,2020T1,1601.3
De 50 a 54 años,Ocupados,Hombres,2020T1,1446.9
De 55 a 59 años,Ocupados,Hombres,2020T1,1214.5
De 60 a 64 años,Ocupados,Hombres,2020T1,694.6
De 65 a 69 años,Ocupados,Hombres,2020T1,97.4
70 Y Más Años,Ocupados,Hombres,2019T4,36.7
De 16 a 19 años,Ocupados,Hombres,2019T4,89.5
De 20 a 24 años,Ocupados,Hombres,2019T4,503.7
De 25 a 29 años,Ocupados,Hombres,2019T4,894.1
De 30 a 34 años,Ocupados,Hombres,2019T4,1118.8
De 35 a 39 años,Ocupados,Hombres,2019T4,1390.6
De 40 a 44 años,Ocupados,Hombres,2019T4,1708.2
De 45 a 49 años,Ocupados,Hombres,2019T4,1626.2
De 50 a 54 años,Ocupados,Hombres,2019T4,1470.2
De 55 a 59 años,Ocupados,Hombres,2019T4,1200.6
De 60 a 64 años,Ocupados,Hombres,2019T4,676.6
De 65 a 69 años,Ocupados,Hombres,2019T4,93.4
70 Y Más Años,Ocupados,Hombres,2019T3,36.4
De 16 a 19 años,Ocupados,Hombres,2019T3,103.4
De 20 a 24 años,Ocupados,Hombres,2019T3,534.6
De 25 a 29 años,Ocupados,Hombres,2019T3,889.5
De 30 a 34 años,Ocupados,Hombres,2019T3,1129.1
De 35 a 39 años,Ocupados,Hombres,2019T3,1420.4
De 40 a 44 años,Ocupados,Hombres,2019T3,1686.4
De 45 a 49 años,Ocupados,Hombres,2019T3,1620.4
De 50 a 54 años,Ocupados,Hombres,2019T3,1465.1
De 55 a 59 años,Ocupados,Hombres,2019T3,1189.6
De 60 a 64 años,Ocupados,Hombres,2019T3,658.5
De 65 a 69 años,Ocupados,Hombres,2019T3,91.1
70 Y Más Años,Ocupados,Hombres,2019T2,36
De 16 a 19 años,Ocupados,Hombres,2019T2,88
De 20 a 24 años,Ocupados,Hombres,2019T2,483.8
De 25 a 29 años,Ocupados,Hombres,2019T2,879.4
De 30 a 34 años,Ocupados,Hombres,2019T2,1145.9
De 35 a 39 años,Ocupados,Hombres,2019T2,1443.5
De 40 a 44 años,Ocupados,Hombres,2019T2,1701.9
De 45 a 49 años,Ocupados,Hombres,2019T2,1620.3
De 50 a 54 años,Ocupados,Hombres,2019T2,1434.5
De 55 a 59 años,Ocupados,Hombres,2019T2,1186.7
De 60 a 64 años,Ocupados,Hombres,2019T2,644.4
De 65 a 69 años,Ocupados,Hombres,2019T2,85.9
70 Y Más Años,Ocupados,Hombres,2019T1,35.7
De 16 a 19 años,Ocupados,Hombres,2019T1,79.6
De 20 a 24 años,Ocupados,Hombres,2019T1,442.8
De 25 a 29 años,Ocupados,Hombres,2019T1,884.9
De 30 a 34 años,Ocupados,Hombres,2019T1,1133.4
De 35 a 39 años,Ocupados,Hombres,2019T1,1432.8
De 40 a 44 años,Ocupados,Hombres,2019T1,1688.9
De 45 a 49 años,Ocupados,Hombres,2019T1,1593.2
De 50 a 54 años,Ocupados,Hombres,2019T1,1436.6
De 55 a 59 años,Ocupados,Hombres,2019T1,1167.2
De 60 a 64 años,Ocupados,Hombres,2019T1,628.1
De 65 a 69 años,Ocupados,Hombres,2019T1,76.1
70 Y Más Años,Ocupados,Hombres,2018T4,35.3
De 16 a 19 años,Ocupados,Hombres,2018T4,76.6
De 20 a 24 años,Ocupados,Hombres,2018T4,459.2
De 25 a 29 años,Ocupados,Hombres,2018T4,894.4
De 30 a 34 años,Ocupados,Hombres,2018T4,1119.8
De 35 a 39 años,Ocupados,Hombres,2018T4,1449.1
De 40 a 44 años,Ocupados,Hombres,2018T4,1719
De 45 a 49 años,Ocupados,Hombres,2018T4,1595.9
De 50 a 54 años,Ocupados,Hombres,2018T4,1435.1
De 55 a 59 años,Ocupados,Hombres,2018T4,1162.7
De 60 a 64 años,Ocupados,Hombres,2018T4,627.8
De 65 a 69 años,Ocupados,Hombres,2018T4,78.2
70 Y Más Años,Ocupados,Hombres,2018T3,32.8
De 16 a 19 años,Ocupados,Hombres,2018T3,93.8
De 20 a 24 años,Ocupados,Hombres,2018T3,484
De 25 a 29 años,Ocupados,Hombres,2018T3,893.5
De 30 a 34 años,Ocupados,Hombres,2018T3,1128.3
De 35 a 39 años,Ocupados,Hombres,2018T3,1466.2
De 40 a 44 años,Ocupados,Hombres,2018T3,1708.5
De 45 a 49 años,Ocupados,Hombres,2018T3,1579.2
De 50 a 54 años,Ocupados,Hombres,2018T3,1421.1
De 55 a 59 años,Ocupados,Hombres,2018T3,1155.7
De 60 a 64 años,Ocupados,Hombres,2018T3,616.7
De 65 a 69 años,Ocupados,Hombres,2018T3,82.6
70 Y Más Años,Ocupados,Hombres,2018T2,29.1
De 16 a 19 años,Ocupados,Hombres,2018T2,75.3
De 20 a 24 años,Ocupados,Hombres,2018T2,453.3
De 25 a 29 años,Ocupados,Hombres,2018T2,864.1
De 30 a 34 años,Ocupados,Hombres,2018T2,1143.4
De 35 a 39 años,Ocupados,Hombres,2018T2,1478.5
De 40 a 44 años,Ocupados,Hombres,2018T2,1714.7
De 45 a 49 años,Ocupados,Hombres,2018T2,1553.7
De 50 a 54 años,Ocupados,Hombres,2018T2,1408.9
De 55 a 59 años,Ocupados,Hombres,2018T2,1127.7
De 60 a 64 años,Ocupados,Hombres,2018T2,598.6
De 65 a 69 años,Ocupados,Hombres,2018T2,81.3
70 Y Más Años,Ocupados,Hombres,2018T1,29.2
De 16 a 19 años,Ocupados,Hombres,2018T1,58.5
De 20 a 24 años,Ocupados,Hombres,2018T1,421.6
De 25 a 29 años,Ocupados,Hombres,2018T1,842.9
De 30 a 34 años,Ocupados,Hombres,2018T1,1120
De 35 a 39 años,Ocupados,Hombres,2018T1,1460.9
De 40 a 44 años,Ocupados,Hombres,2018T1,1683.9
De 45 a 49 años,Ocupados,Hombres,2018T1,1533.3
De 50 a 54 años,Ocupados,Hombres,2018T1,1370
De 55 a 59 años,Ocupados,Hombres,2018T1,1109.2
De 60 a 64 años,Ocupados,Hombres,2018T1,573.5
De 65 a 69 años,Ocupados,Hombres,2018T1,81
70 Y Más Años,Ocupados,Hombres,2017T4,26.1
De 16 a 19 años,Ocupados,Hombres,2017T4,68.4
De 20 a 24 años,Ocupados,Hombres,2017T4,422.7
De 25 a 29 años,Ocupados,Hombres,2017T4,853.6
De 30 a 34 años,Ocupados,Hombres,2017T4,1120.2
De 35 a 39 años,Ocupados,Hombres,2017T4,1501.8
De 40 a 44 años,Ocupados,Hombres,2017T4,1684.9
De 45 a 49 años,Ocupados,Hombres,2017T4,1519.8
De 50 a 54 años,Ocupados,Hombres,2017T4,1390.1
De 55 a 59 años,Ocupados,Hombres,2017T4,1091.1
De 60 a 64 años,Ocupados,Hombres,2017T4,581.6
De 65 a 69 años,Ocupados,Hombres,2017T4,78.8
70 Y Más Años,Ocupados,Hombres,2017T3,25
De 16 a 19 años,Ocupados,Hombres,2017T3,84.2
De 20 a 24 años,Ocupados,Hombres,2017T3,464
De 25 a 29 años,Ocupados,Hombres,2017T3,855.6
De 30 a 34 años,Ocupados,Hombres,2017T3,1133.2
De 35 a 39 años,Ocupados,Hombres,2017T3,1522.8
De 40 a 44 años,Ocupados,Hombres,2017T3,1684.2
De 45 a 49 años,Ocupados,Hombres,2017T3,1515.5
De 50 a 54 años,Ocupados,Hombres,2017T3,1378.6
De 55 a 59 años,Ocupados,Hombres,2017T3,1095.3
De 60 a 64 años,Ocupados,Hombres,2017T3,580
De 65 a 69 años,Ocupados,Hombres,2017T3,82.1
70 Y Más Años,Ocupados,Hombres,2017T2,25.4
De 16 a 19 años,Ocupados,Hombres,2017T2,66.8
De 20 a 24 años,Ocupados,Hombres,2017T2,404.1
De 25 a 29 años,Ocupados,Hombres,2017T2,844.9
De 30 a 34 años,Ocupados,Hombres,2017T2,1128.3
De 35 a 39 años,Ocupados,Hombres,2017T2,1521.6
De 40 a 44 años,Ocupados,Hombres,2017T2,1671.1
De 45 a 49 años,Ocupados,Hombres,2017T2,1509.4
De 50 a 54 años,Ocupados,Hombres,2017T2,1366.3
De 55 a 59 años,Ocupados,Hombres,2017T2,1077.5
De 60 a 64 años,Ocupados,Hombres,2017T2,562.5
De 65 a 69 años,Ocupados,Hombres,2017T2,79.1
70 Y Más Años,Ocupados,Hombres,2017T1,25
De 16 a 19 años,Ocupados,Hombres,2017T1,60.1
De 20 a 24 años,Ocupados,Hombres,2017T1,382.4
De 25 a 29 años,Ocupados,Hombres,2017T1,817
De 30 a 34 años,Ocupados,Hombres,2017T1,1137.5
De 35 a 39 años,Ocupados,Hombres,2017T1,1519.1
De 40 a 44 años,Ocupados,Hombres,2017T1,1634.9
De 45 a 49 años,Ocupados,Hombres,2017T1,1474.7
De 50 a 54 años,Ocupados,Hombres,2017T1,1330.5
De 55 a 59 años,Ocupados,Hombres,2017T1,1058.4
De 60 a 64 años,Ocupados,Hombres,2017T1,532.9
De 65 a 69 años,Ocupados,Hombres,2017T1,75.8
70 Y Más Años,Ocupados,Hombres,2016T4,22.2
De 16 a 19 años,Ocupados,Hombres,2016T4,60.5
De 20 a 24 años,Ocupados,Hombres,2016T4,382.3
De 25 a 29 años,Ocupados,Hombres,2016T4,834.5
De 30 a 34 años,Ocupados,Hombres,2016T4,1145.6
De 35 a 39 años,Ocupados,Hombres,2016T4,1533.6
De 40 a 44 años,Ocupados,Hombres,2016T4,1632.3
De 45 a 49 años,Ocupados,Hombres,2016T4,1484.4
De 50 a 54 años,Ocupados,Hombres,2016T4,1332.9
De 55 a 59 años,Ocupados,Hombres,2016T4,1048.5
De 60 a 64 años,Ocupados,Hombres,2016T4,520.1
De 65 a 69 años,Ocupados,Hombres,2016T4,75
70 Y Más Años,Ocupados,Hombres,2016T3,22.3
De 16 a 19 años,Ocupados,Hombres,2016T3,70.2
De 20 a 24 años,Ocupados,Hombres,2016T3,405.9
De 25 a 29 años,Ocupados,Hombres,2016T3,856
De 30 a 34 años,Ocupados,Hombres,2016T3,1165.6
De 35 a 39 años,Ocupados,Hombres,2016T3,1541.2
De 40 a 44 años,Ocupados,Hombres,2016T3,1616.7
De 45 a 49 años,Ocupados,Hombres,2016T3,1476.3
De 50 a 54 años,Ocupados,Hombres,2016T3,1319.4
De 55 a 59 años,Ocupados,Hombres,2016T3,1039
De 60 a 64 años,Ocupados,Hombres,2016T3,529.4
De 65 a 69 años,Ocupados,Hombres,2016T3,70.7
70 Y Más Años,Ocupados,Hombres,2016T2,22
De 16 a 19 años,Ocupados,Hombres,2016T2,52
De 20 a 24 años,Ocupados,Hombres,2016T2,384.7
De 25 a 29 años,Ocupados,Hombres,2016T2,816
De 30 a 34 años,Ocupados,Hombres,2016T2,1165.5
De 35 a 39 años,Ocupados,Hombres,2016T2,1558
De 40 a 44 años,Ocupados,Hombres,2016T2,1595.1
De 45 a 49 años,Ocupados,Hombres,2016T2,1482.8
De 50 a 54 años,Ocupados,Hombres,2016T2,1291.9
De 55 a 59 años,Ocupados,Hombres,2016T2,1004.6
De 60 a 64 años,Ocupados,Hombres,2016T2,530.9
De 65 a 69 años,Ocupados,Hombres,2016T2,67.5
70 Y Más Años,Ocupados,Hombres,2016T1,21.3
De 16 a 19 años,Ocupados,Hombres,2016T1,44.4
De 20 a 24 años,Ocupados,Hombres,2016T1,380.1
De 25 a 29 años,Ocupados,Hombres,2016T1,793.3
De 30 a 34 años,Ocupados,Hombres,2016T1,1178.3
De 35 a 39 años,Ocupados,Hombres,2016T1,1548.7
De 40 a 44 años,Ocupados,Hombres,2016T1,1595.6
De 45 a 49 años,Ocupados,Hombres,2016T1,1430.6
De 50 a 54 años,Ocupados,Hombres,2016T1,1271.1
De 55 a 59 años,Ocupados,Hombres,2016T1,995.3
De 60 a 64 años,Ocupados,Hombres,2016T1,527.2
De 65 a 69 años,Ocupados,Hombres,2016T1,61.4
70 Y Más Años,Ocupados,Hombres,2015T4,22.9
De 16 a 19 años,Ocupados,Hombres,2015T4,50.7
De 20 a 24 años,Ocupados,Hombres,2015T4,387.8
De 25 a 29 años,Ocupados,Hombres,2015T4,790.8
De 30 a 34 años,Ocupados,Hombres,2015T4,1190.8
De 35 a 39 años,Ocupados,Hombres,2015T4,1567.1
De 40 a 44 años,Ocupados,Hombres,2015T4,1587.6
De 45 a 49 años,Ocupados,Hombres,2015T4,1431.4
De 50 a 54 años,Ocupados,Hombres,2015T4,1273.2
De 55 a 59 años,Ocupados,Hombres,2015T4,971.1
De 60 a 64 años,Ocupados,Hombres,2015T4,522.4
De 65 a 69 años,Ocupados,Hombres,2015T4,67.6
70 Y Más Años,Ocupados,Hombres,2015T3,21.7
De 16 a 19 años,Ocupados,Hombres,2015T3,64.9
De 20 a 24 años,Ocupados,Hombres,2015T3,402.2
De 25 a 29 años,Ocupados,Hombres,2015T3,818.1
De 30 a 34 años,Ocupados,Hombres,2015T3,1213.6
De 35 a 39 años,Ocupados,Hombres,2015T3,1576.8
De 40 a 44 años,Ocupados,Hombres,2015T3,1594
De 45 a 49 años,Ocupados,Hombres,2015T3,1413.5
De 50 a 54 años,Ocupados,Hombres,2015T3,1252.7
De 55 a 59 años,Ocupados,Hombres,2015T3,961.5
De 60 a 64 años,Ocupados,Hombres,2015T3,518.7
De 65 a 69 años,Ocupados,Hombres,2015T3,58.8
70 Y Más Años,Ocupados,Hombres,2015T2,22.4
De 16 a 19 años,Ocupados,Hombres,2015T2,49.1
De 20 a 24 años,Ocupados,Hombres,2015T2,362.6
De 25 a 29 años,Ocupados,Hombres,2015T2,804
De 30 a 34 años,Ocupados,Hombres,2015T2,1213.9
De 35 a 39 años,Ocupados,Hombres,2015T2,1553.3
De 40 a 44 años,Ocupados,Hombres,2015T2,1583
De 45 a 49 años,Ocupados,Hombres,2015T2,1419.2
De 50 a 54 años,Ocupados,Hombres,2015T2,1239.6
De 55 a 59 años,Ocupados,Hombres,2015T2,952.8
De 60 a 64 años,Ocupados,Hombres,2015T2,500.1
De 65 a 69 años,Ocupados,Hombres,2015T2,61.2
70 Y Más Años,Ocupados,Hombres,2015T1,19.2
De 16 a 19 años,Ocupados,Hombres,2015T1,42.8
De 20 a 24 años,Ocupados,Hombres,2015T1,346.5
De 25 a 29 años,Ocupados,Hombres,2015T1,809.1
De 30 a 34 años,Ocupados,Hombres,2015T1,1182.9
De 35 a 39 años,Ocupados,Hombres,2015T1,1519.3
De 40 a 44 años,Ocupados,Hombres,2015T1,1531.2
De 45 a 49 años,Ocupados,Hombres,2015T1,1375.8
De 50 a 54 años,Ocupados,Hombres,2015T1,1216.3
De 55 a 59 años,Ocupados,Hombres,2015T1,928
De 60 a 64 años,Ocupados,Hombres,2015T1,485.7
De 65 a 69 años,Ocupados,Hombres,2015T1,63.3
70 Y Más Años,Ocupados,Hombres,2014T4,19
De 16 a 19 años,Ocupados,Hombres,2014T4,49.9
De 20 a 24 años,Ocupados,Hombres,2014T4,351.5
De 25 a 29 años,Ocupados,Hombres,2014T4,823.7
De 30 a 34 años,Ocupados,Hombres,2014T4,1210.3
De 35 a 39 años,Ocupados,Hombres,2014T4,1551.6
De 40 a 44 años,Ocupados,Hombres,2014T4,1518.8
De 45 a 49 años,Ocupados,Hombres,2014T4,1378.7
De 50 a 54 años,Ocupados,Hombres,2014T4,1209.4
De 55 a 59 años,Ocupados,Hombres,2014T4,904.4
De 60 a 64 años,Ocupados,Hombres,2014T4,483
De 65 a 69 años,Ocupados,Hombres,2014T4,58
70 Y Más Años,Ocupados,Hombres,2014T3,20.1
De 16 a 19 años,Ocupados,Hombres,2014T3,56.3
De 20 a 24 años,Ocupados,Hombres,2014T3,368
De 25 a 29 años,Ocupados,Hombres,2014T3,850.9
De 30 a 34 años,Ocupados,Hombres,2014T3,1219.2
De 35 a 39 años,Ocupados,Hombres,2014T3,1558
De 40 a 44 años,Ocupados,Hombres,2014T3,1518
De 45 a 49 años,Ocupados,Hombres,2014T3,1376.8
De 50 a 54 años,Ocupados,Hombres,2014T3,1199.5
De 55 a 59 años,Ocupados,Hombres,2014T3,892.1
De 60 a 64 años,Ocupados,Hombres,2014T3,480.9
De 65 a 69 años,Ocupados,Hombres,2014T3,66.1
70 Y Más Años,Ocupados,Hombres,2014T2,19.3
De 16 a 19 años,Ocupados,Hombres,2014T2,44.5
De 20 a 24 años,Ocupados,Hombres,2014T2,349
De 25 a 29 años,Ocupados,Hombres,2014T2,833
De 30 a 34 años,Ocupados,Hombres,2014T2,1226
De 35 a 39 años,Ocupados,Hombres,2014T2,1549.2
De 40 a 44 años,Ocupados,Hombres,2014T2,1484.2
De 45 a 49 años,Ocupados,Hombres,2014T2,1349.5
De 50 a 54 años,Ocupados,Hombres,2014T2,1181.9
De 55 a 59 años,Ocupados,Hombres,2014T2,881.2
De 60 a 64 años,Ocupados,Hombres,2014T2,463
De 65 a 69 años,Ocupados,Hombres,2014T2,60.1
70 Y Más Años,Ocupados,Hombres,2014T1,19.5
De 16 a 19 años,Ocupados,Hombres,2014T1,44
De 20 a 24 años,Ocupados,Hombres,2014T1,329
De 25 a 29 años,Ocupados,Hombres,2014T1,796.3
De 30 a 34 años,Ocupados,Hombres,2014T1,1208.6
De 35 a 39 años,Ocupados,Hombres,2014T1,1507.5
De 40 a 44 años,Ocupados,Hombres,2014T1,1439.5
De 45 a 49 años,Ocupados,Hombres,2014T1,1310.8
De 50 a 54 años,Ocupados,Hombres,2014T1,1156.4
De 55 a 59 años,Ocupados,Hombres,2014T1,864.3
De 60 a 64 años,Ocupados,Hombres,2014T1,436.1
De 65 a 69 años,Ocupados,Hombres,2014T1,53.6
70 Y Más Años,Ocupados,Hombres,2013T4,18.3
De 16 a 19 años,Ocupados,Hombres,2013T4,38
De 20 a 24 años,Ocupados,Hombres,2013T4,353.8
De 25 a 29 años,Ocupados,Hombres,2013T4,805.2
De 30 a 34 años,Ocupados,Hombres,2013T4,1234.7
De 35 a 39 años,Ocupados,Hombres,2013T4,1547
De 40 a 44 años,Ocupados,Hombres,2013T4,1458.7
De 45 a 49 años,Ocupados,Hombres,2013T4,1327.2
De 50 a 54 años,Ocupados,Hombres,2013T4,1152.2
De 55 a 59 años,Ocupados,Hombres,2013T4,875.1
De 60 a 64 años,Ocupados,Hombres,2013T4,439.8
De 65 a 69 años,Ocupados,Hombres,2013T4,56.9
70 Y Más Años,Ocupados,Hombres,2013T3,18.6
De 16 a 19 años,Ocupados,Hombres,2013T3,52.1
De 20 a 24 años,Ocupados,Hombres,2013T3,383.8
De 25 a 29 años,Ocupados,Hombres,2013T3,834.5
De 30 a 34 años,Ocupados,Hombres,2013T3,1251
De 35 a 39 años,Ocupados,Hombres,2013T3,1542.9
De 40 a 44 años,Ocupados,Hombres,2013T3,1436.9
De 45 a 49 años,Ocupados,Hombres,2013T3,1323.5
De 50 a 54 años,Ocupados,Hombres,2013T3,1157
De 55 a 59 años,Ocupados,Hombres,2013T3,882.3
De 60 a 64 años,Ocupados,Hombres,2013T3,443.2
De 65 a 69 años,Ocupados,Hombres,2013T3,59
70 Y Más Años,Ocupados,Hombres,2013T2,20.1
De 16 a 19 años,Ocupados,Hombres,2013T2,51.8
De 20 a 24 años,Ocupados,Hombres,2013T2,349.5
De 25 a 29 años,Ocupados,Hombres,2013T2,826
De 30 a 34 años,Ocupados,Hombres,2013T2,1273.9
De 35 a 39 años,Ocupados,Hombres,2013T2,1542.6
De 40 a 44 años,Ocupados,Hombres,2013T2,1436.1
De 45 a 49 años,Ocupados,Hombres,2013T2,1312.6
De 50 a 54 años,Ocupados,Hombres,2013T2,1157.2
De 55 a 59 años,Ocupados,Hombres,2013T2,860.4
De 60 a 64 años,Ocupados,Hombres,2013T2,443.3
De 65 a 69 años,Ocupados,Hombres,2013T2,59.8
70 Y Más Años,Ocupados,Hombres,2013T1,19.7
De 16 a 19 años,Ocupados,Hombres,2013T1,40.5
De 20 a 24 años,Ocupados,Hombres,2013T1,335.4
De 25 a 29 años,Ocupados,Hombres,2013T1,818.4
De 30 a 34 años,Ocupados,Hombres,2013T1,1266
De 35 a 39 años,Ocupados,Hombres,2013T1,1536.9
De 40 a 44 años,Ocupados,Hombres,2013T1,1417.1
De 45 a 49 años,Ocupados,Hombres,2013T1,1307.3
De 50 a 54 años,Ocupados,Hombres,2013T1,1140.4
De 55 a 59 años,Ocupados,Hombres,2013T1,864.3
De 60 a 64 años,Ocupados,Hombres,2013T1,429.1
De 65 a 69 años,Ocupados,Hombres,2013T1,63.3
70 Y Más Años,Ocupados,Hombres,2012T4,21
De 16 a 19 años,Ocupados,Hombres,2012T4,40
De 20 a 24 años,Ocupados,Hombres,2012T4,363.2
De 25 a 29 años,Ocupados,Hombres,2012T4,859.9
De 30 a 34 años,Ocupados,Hombres,2012T4,1290
De 35 a 39 años,Ocupados,Hombres,2012T4,1564.9
De 40 a 44 años,Ocupados,Hombres,2012T4,1421.3
De 45 a 49 años,Ocupados,Hombres,2012T4,1337.9
De 50 a 54 años,Ocupados,Hombres,2012T4,1148.6
De 55 a 59 años,Ocupados,Hombres,2012T4,872.9
De 60 a 64 años,Ocupados,Hombres,2012T4,447.3
De 65 a 69 años,Ocupados,Hombres,2012T4,68.7
70 Y Más Años,Ocupados,Hombres,2012T3,22.7
De 16 a 19 años,Ocupados,Hombres,2012T3,54.4
De 20 a 24 años,Ocupados,Hombres,2012T3,420.9
De 25 a 29 años,Ocupados,Hombres,2012T3,880.6
De 30 a 34 años,Ocupados,Hombres,2012T3,1350.5
De 35 a 39 años,Ocupados,Hombres,2012T3,1575.2
De 40 a 44 años,Ocupados,Hombres,2012T3,1448.9
De 45 a 49 años,Ocupados,Hombres,2012T3,1341.4
De 50 a 54 años,Ocupados,Hombres,2012T3,1149.1
De 55 a 59 años,Ocupados,Hombres,2012T3,874.2
De 60 a 64 años,Ocupados,Hombres,2012T3,460.1
De 65 a 69 años,Ocupados,Hombres,2012T3,67.7
70 Y Más Años,Ocupados,Hombres,2012T2,25.3
De 16 a 19 años,Ocupados,Hombres,2012T2,49.2
De 20 a 24 años,Ocupados,Hombres,2012T2,389
De 25 a 29 años,Ocupados,Hombres,2012T2,899.8
De 30 a 34 años,Ocupados,Hombres,2012T2,1376.8
De 35 a 39 años,Ocupados,Hombres,2012T2,1570.5
De 40 a 44 años,Ocupados,Hombres,2012T2,1459.3
De 45 a 49 años,Ocupados,Hombres,2012T2,1338.4
De 50 a 54 años,Ocupados,Hombres,2012T2,1152.2
De 55 a 59 años,Ocupados,Hombres,2012T2,875.9
De 60 a 64 años,Ocupados,Hombres,2012T2,463.9
De 65 a 69 años,Ocupados,Hombres,2012T2,62.8
70 Y Más Años,Ocupados,Hombres,2012T1,22
De 16 a 19 años,Ocupados,Hombres,2012T1,48.2
De 20 a 24 años,Ocupados,Hombres,2012T1,388.3
De 25 a 29 años,Ocupados,Hombres,2012T1,924.2
De 30 a 34 años,Ocupados,Hombres,2012T1,1393.2
De 35 a 39 años,Ocupados,Hombres,2012T1,1563
De 40 a 44 años,Ocupados,Hombres,2012T1,1480.4
De 45 a 49 años,Ocupados,Hombres,2012T1,1337
De 50 a 54 años,Ocupados,Hombres,2012T1,1152.7
De 55 a 59 años,Ocupados,Hombres,2012T1,861.7
De 60 a 64 años,Ocupados,Hombres,2012T1,455.8
De 65 a 69 años,Ocupados,Hombres,2012T1,61.4
70 Y Más Años,Ocupados,Hombres,2011T4,24.5
De 16 a 19 años,Ocupados,Hombres,2011T4,53.2
De 20 a 24 años,Ocupados,Hombres,2011T4,433
De 25 a 29 años,Ocupados,Hombres,2011T4,993.4
De 30 a 34 años,Ocupados,Hombres,2011T4,1442.5
De 35 a 39 años,Ocupados,Hombres,2011T4,1608.3
De 40 a 44 años,Ocupados,Hombres,2011T4,1479.3
De 45 a 49 años,Ocupados,Hombres,2011T4,1371.8
De 50 a 54 años,Ocupados,Hombres,2011T4,1171.8
De 55 a 59 años,Ocupados,Hombres,2011T4,866.7
De 60 a 64 años,Ocupados,Hombres,2011T4,468
De 65 a 69 años,Ocupados,Hombres,2011T4,67.8
70 Y Más Años,Ocupados,Hombres,2011T3,23.9
De 16 a 19 años,Ocupados,Hombres,2011T3,86.8
De 20 a 24 años,Ocupados,Hombres,2011T3,480.8
De 25 a 29 años,Ocupados,Hombres,2011T3,1031.9
De 30 a 34 años,Ocupados,Hombres,2011T3,1491.9
De 35 a 39 años,Ocupados,Hombres,2011T3,1631
De 40 a 44 años,Ocupados,Hombres,2011T3,1504.7
De 45 a 49 años,Ocupados,Hombres,2011T3,1371.6
De 50 a 54 años,Ocupados,Hombres,2011T3,1184.8
De 55 a 59 años,Ocupados,Hombres,2011T3,867.6
De 60 a 64 años,Ocupados,Hombres,2011T3,469.7
De 65 a 69 años,Ocupados,Hombres,2011T3,59.3
70 Y Más Años,Ocupados,Hombres,2011T2,24
De 16 a 19 años,Ocupados,Hombres,2011T2,70.6
De 20 a 24 años,Ocupados,Hombres,2011T2,461.4
De 25 a 29 años,Ocupados,Hombres,2011T2,1050.8
De 30 a 34 años,Ocupados,Hombres,2011T2,1512
De 35 a 39 años,Ocupados,Hombres,2011T2,1639.5
De 40 a 44 años,Ocupados,Hombres,2011T2,1508.3
De 45 a 49 años,Ocupados,Hombres,2011T2,1374.3
De 50 a 54 años,Ocupados,Hombres,2011T2,1179.7
De 55 a 59 años,Ocupados,Hombres,2011T2,880.1
De 60 a 64 años,Ocupados,Hombres,2011T2,469.9
De 65 a 69 años,Ocupados,Hombres,2011T2,58.4
70 Y Más Años,Ocupados,Hombres,2011T1,25
De 16 a 19 años,Ocupados,Hombres,2011T1,69.5
De 20 a 24 años,Ocupados,Hombres,2011T1,469.6
De 25 a 29 años,Ocupados,Hombres,2011T1,1029.7
De 30 a 34 años,Ocupados,Hombres,2011T1,1526.8
De 35 a 39 años,Ocupados,Hombres,2011T1,1630.2
De 40 a 44 años,Ocupados,Hombres,2011T1,1506.7
De 45 a 49 años,Ocupados,Hombres,2011T1,1364.1
De 50 a 54 años,Ocupados,Hombres,2011T1,1172.8
De 55 a 59 años,Ocupados,Hombres,2011T1,869.8
De 60 a 64 años,Ocupados,Hombres,2011T1,477.5
De 65 a 69 años,Ocupados,Hombres,2011T1,54.7
70 Y Más Años,Ocupados,Hombres,2010T4,26.5
De 16 a 19 años,Ocupados,Hombres,2010T4,74.4
De 20 a 24 años,Ocupados,Hombres,2010T4,514
De 25 a 29 años,Ocupados,Hombres,2010T4,1072.9
De 30 a 34 años,Ocupados,Hombres,2010T4,1561.4
De 35 a 39 años,Ocupados,Hombres,2010T4,1636.5
De 40 a 44 años,Ocupados,Hombres,2010T4,1517.2
De 45 a 49 años,Ocupados,Hombres,2010T4,1380.6
De 50 a 54 años,Ocupados,Hombres,2010T4,1165.2
De 55 a 59 años,Ocupados,Hombres,2010T4,872.5
De 60 a 64 años,Ocupados,Hombres,2010T4,460.2
De 65 a 69 años,Ocupados,Hombres,2010T4,59.6
70 Y Más Años,Ocupados,Hombres,2010T3,25.6
De 16 a 19 años,Ocupados,Hombres,2010T3,97.4
De 20 a 24 años,Ocupados,Hombres,2010T3,571.1
De 25 a 29 años,Ocupados,Hombres,2010T3,1111.4
De 30 a 34 años,Ocupados,Hombres,2010T3,1594.7
De 35 a 39 años,Ocupados,Hombres,2010T3,1632.5
De 40 a 44 años,Ocupados,Hombres,2010T3,1510
De 45 a 49 años,Ocupados,Hombres,2010T3,1391.5
De 50 a 54 años,Ocupados,Hombres,2010T3,1173
De 55 a 59 años,Ocupados,Hombres,2010T3,869.1
De 60 a 64 años,Ocupados,Hombres,2010T3,475.7
De 65 a 69 años,Ocupados,Hombres,2010T3,62.2
70 Y Más Años,Ocupados,Hombres,2010T2,25.6
De 16 a 19 años,Ocupados,Hombres,2010T2,96.8
De 20 a 24 años,Ocupados,Hombres,2010T2,551.9
De 25 a 29 años,Ocupados,Hombres,2010T2,1116.8
De 30 a 34 años,Ocupados,Hombres,2010T2,1597.6
De 35 a 39 años,Ocupados,Hombres,2010T2,1633.7
De 40 a 44 años,Ocupados,Hombres,2010T2,1510.3
De 45 a 49 años,Ocupados,Hombres,2010T2,1379.5
De 50 a 54 años,Ocupados,Hombres,2010T2,1156.8
De 55 a 59 años,Ocupados,Hombres,2010T2,864.2
De 60 a 64 años,Ocupados,Hombres,2010T2,476.2
De 65 a 69 años,Ocupados,Hombres,2010T2,60.7
70 Y Más Años,Ocupados,Hombres,2010T1,22.4
De 16 a 19 años,Ocupados,Hombres,2010T1,97.6
De 20 a 24 años,Ocupados,Hombres,2010T1,537.6
De 25 a 29 años,Ocupados,Hombres,2010T1,1118.1
De 30 a 34 años,Ocupados,Hombres,2010T1,1592.7
De 35 a 39 años,Ocupados,Hombres,2010T1,1612.1
De 40 a 44 años,Ocupados,Hombres,2010T1,1497.6
De 45 a 49 años,Ocupados,Hombres,2010T1,1361.6
De 50 a 54 años,Ocupados,Hombres,2010T1,1136.6
De 55 a 59 años,Ocupados,Hombres,2010T1,847
De 60 a 64 años,Ocupados,Hombres,2010T1,484.2
De 65 a 69 años,Ocupados,Hombres,2010T1,61.9
70 Y Más Años,Ocupados,Mujeres,2020T3,17.5
De 16 a 19 años,Ocupados,Mujeres,2020T3,38.7
De 20 a 24 años,Ocupados,Mujeres,2020T3,359.1
De 25 a 29 años,Ocupados,Mujeres,2020T3,763.5
De 30 a 34 años,Ocupados,Mujeres,2020T3,924.8
De 35 a 39 años,Ocupados,Mujeres,2020T3,1117.9
De 40 a 44 años,Ocupados,Mujeres,2020T3,1374.6
De 45 a 49 años,Ocupados,Mujeres,2020T3,1315.4
De 50 a 54 años,Ocupados,Mujeres,2020T3,1172.9
De 55 a 59 años,Ocupados,Mujeres,2020T3,978.6
De 60 a 64 años,Ocupados,Mujeres,2020T3,570.9
De 65 a 69 años,Ocupados,Mujeres,2020T3,88.6
70 Y Más Años,Ocupados,Mujeres,2020T2,19.2
De 16 a 19 años,Ocupados,Mujeres,2020T2,29.2
De 20 a 24 años,Ocupados,Mujeres,2020T2,303.2
De 25 a 29 años,Ocupados,Mujeres,2020T2,722.1
De 30 a 34 años,Ocupados,Mujeres,2020T2,885.2
De 35 a 39 años,Ocupados,Mujeres,2020T2,1088.3
De 40 a 44 años,Ocupados,Mujeres,2020T2,1354.9
De 45 a 49 años,Ocupados,Mujeres,2020T2,1298.1
De 50 a 54 años,Ocupados,Mujeres,2020T2,1172.4
De 55 a 59 años,Ocupados,Mujeres,2020T2,967.8
De 60 a 64 años,Ocupados,Mujeres,2020T2,556.1
De 65 a 69 años,Ocupados,Mujeres,2020T2,77.3
70 Y Más Años,Ocupados,Mujeres,2020T1,22
De 16 a 19 años,Ocupados,Mujeres,2020T1,45.6
De 20 a 24 años,Ocupados,Mujeres,2020T1,389.1
De 25 a 29 años,Ocupados,Mujeres,2020T1,802.8
De 30 a 34 años,Ocupados,Mujeres,2020T1,956.2
De 35 a 39 años,Ocupados,Mujeres,2020T1,1188.4
De 40 a 44 años,Ocupados,Mujeres,2020T1,1431.7
De 45 a 49 años,Ocupados,Mujeres,2020T1,1346.4
De 50 a 54 años,Ocupados,Mujeres,2020T1,1206.9
De 55 a 59 años,Ocupados,Mujeres,2020T1,991.8
De 60 a 64 años,Ocupados,Mujeres,2020T1,564.9
De 65 a 69 años,Ocupados,Mujeres,2020T1,74.3
70 Y Más Años,Ocupados,Mujeres,2019T4,18.4
De 16 a 19 años,Ocupados,Mujeres,2019T4,57
De 20 a 24 años,Ocupados,Mujeres,2019T4,403.7
De 25 a 29 años,Ocupados,Mujeres,2019T4,824.2
De 30 a 34 años,Ocupados,Mujeres,2019T4,984.5
De 35 a 39 años,Ocupados,Mujeres,2019T4,1239.8
De 40 a 44 años,Ocupados,Mujeres,2019T4,1456.5
De 45 a 49 años,Ocupados,Mujeres,2019T4,1342.9
De 50 a 54 años,Ocupados,Mujeres,2019T4,1232.4
De 55 a 59 años,Ocupados,Mujeres,2019T4,978.2
De 60 a 64 años,Ocupados,Mujeres,2019T4,550.8
De 65 a 69 años,Ocupados,Mujeres,2019T4,69.8
70 Y Más Años,Ocupados,Mujeres,2019T3,18.5
De 16 a 19 años,Ocupados,Mujeres,2019T3,75.1
De 20 a 24 años,Ocupados,Mujeres,2019T3,419.4
De 25 a 29 años,Ocupados,Mujeres,2019T3,823.3
De 30 a 34 años,Ocupados,Mujeres,2019T3,974.8
De 35 a 39 años,Ocupados,Mujeres,2019T3,1237
De 40 a 44 años,Ocupados,Mujeres,2019T3,1427.7
De 45 a 49 años,Ocupados,Mujeres,2019T3,1336.3
De 50 a 54 años,Ocupados,Mujeres,2019T3,1196.1
De 55 a 59 años,Ocupados,Mujeres,2019T3,946.7
De 60 a 64 años,Ocupados,Mujeres,2019T3,520.3
De 65 a 69 años,Ocupados,Mujeres,2019T3,74.7
70 Y Más Años,Ocupados,Mujeres,2019T2,19.6
De 16 a 19 años,Ocupados,Mujeres,2019T2,61.7
De 20 a 24 años,Ocupados,Mujeres,2019T2,388.4
De 25 a 29 años,Ocupados,Mujeres,2019T2,820.6
De 30 a 34 años,Ocupados,Mujeres,2019T2,1000.8
De 35 a 39 años,Ocupados,Mujeres,2019T2,1239.9
De 40 a 44 años,Ocupados,Mujeres,2019T2,1435.7
De 45 a 49 años,Ocupados,Mujeres,2019T2,1346.5
De 50 a 54 años,Ocupados,Mujeres,2019T2,1195.3
De 55 a 59 años,Ocupados,Mujeres,2019T2,958.6
De 60 a 64 años,Ocupados,Mujeres,2019T2,517.2
De 65 a 69 años,Ocupados,Mujeres,2019T2,70.4
70 Y Más Años,Ocupados,Mujeres,2019T1,16.9
De 16 a 19 años,Ocupados,Mujeres,2019T1,47.5
De 20 a 24 años,Ocupados,Mujeres,2019T1,376.4
De 25 a 29 años,Ocupados,Mujeres,2019T1,791
De 30 a 34 años,Ocupados,Mujeres,2019T1,988.9
De 35 a 39 años,Ocupados,Mujeres,2019T1,1252.8
De 40 a 44 años,Ocupados,Mujeres,2019T1,1417.8
De 45 a 49 años,Ocupados,Mujeres,2019T1,1309.3
De 50 a 54 años,Ocupados,Mujeres,2019T1,1168.7
De 55 a 59 años,Ocupados,Mujeres,2019T1,935.4
De 60 a 64 años,Ocupados,Mujeres,2019T1,501.2
De 65 a 69 años,Ocupados,Mujeres,2019T1,66.1
70 Y Más Años,Ocupados,Mujeres,2018T4,16.3
De 16 a 19 años,Ocupados,Mujeres,2018T4,59.4
De 20 a 24 años,Ocupados,Mujeres,2018T4,401.5
De 25 a 29 años,Ocupados,Mujeres,2018T4,800.9
De 30 a 34 años,Ocupados,Mujeres,2018T4,998.7
De 35 a 39 años,Ocupados,Mujeres,2018T4,1257.6
De 40 a 44 años,Ocupados,Mujeres,2018T4,1436.1
De 45 a 49 años,Ocupados,Mujeres,2018T4,1303
De 50 a 54 años,Ocupados,Mujeres,2018T4,1161.2
De 55 a 59 años,Ocupados,Mujeres,2018T4,924.3
De 60 a 64 años,Ocupados,Mujeres,2018T4,483.6
De 65 a 69 años,Ocupados,Mujeres,2018T4,68.9
70 Y Más Años,Ocupados,Mujeres,2018T3,14.2
De 16 a 19 años,Ocupados,Mujeres,2018T3,71.6
De 20 a 24 años,Ocupados,Mujeres,2018T3,424
De 25 a 29 años,Ocupados,Mujeres,2018T3,801.5
De 30 a 34 años,Ocupados,Mujeres,2018T3,992.3
De 35 a 39 años,Ocupados,Mujeres,2018T3,1240.8
De 40 a 44 años,Ocupados,Mujeres,2018T3,1434.4
De 45 a 49 años,Ocupados,Mujeres,2018T3,1283.5
De 50 a 54 años,Ocupados,Mujeres,2018T3,1151.4
De 55 a 59 años,Ocupados,Mujeres,2018T3,908.4
De 60 a 64 años,Ocupados,Mujeres,2018T3,475.8
De 65 a 69 años,Ocupados,Mujeres,2018T3,67.8
70 Y Más Años,Ocupados,Mujeres,2018T2,15
De 16 a 19 años,Ocupados,Mujeres,2018T2,55.5
De 20 a 24 años,Ocupados,Mujeres,2018T2,400.3
De 25 a 29 años,Ocupados,Mujeres,2018T2,808.4
De 30 a 34 años,Ocupados,Mujeres,2018T2,996.1
De 35 a 39 años,Ocupados,Mujeres,2018T2,1273.4
De 40 a 44 años,Ocupados,Mujeres,2018T2,1412.4
De 45 a 49 años,Ocupados,Mujeres,2018T2,1282.3
De 50 a 54 años,Ocupados,Mujeres,2018T2,1140.3
De 55 a 59 años,Ocupados,Mujeres,2018T2,894.1
De 60 a 64 años,Ocupados,Mujeres,2018T2,475.4
De 65 a 69 años,Ocupados,Mujeres,2018T2,62.6
70 Y Más Años,Ocupados,Mujeres,2018T1,16.2
De 16 a 19 años,Ocupados,Mujeres,2018T1,45.2
De 20 a 24 años,Ocupados,Mujeres,2018T1,377.3
De 25 a 29 años,Ocupados,Mujeres,2018T1,786.4
De 30 a 34 años,Ocupados,Mujeres,2018T1,957.1
De 35 a 39 años,Ocupados,Mujeres,2018T1,1255.3
De 40 a 44 años,Ocupados,Mujeres,2018T1,1399.6
De 45 a 49 años,Ocupados,Mujeres,2018T1,1259.6
De 50 a 54 años,Ocupados,Mujeres,2018T1,1112.6
De 55 a 59 años,Ocupados,Mujeres,2018T1,875.5
De 60 a 64 años,Ocupados,Mujeres,2018T1,450.4
De 65 a 69 años,Ocupados,Mujeres,2018T1,55
70 Y Más Años,Ocupados,Mujeres,2017T4,15.9
De 16 a 19 años,Ocupados,Mujeres,2017T4,50
De 20 a 24 años,Ocupados,Mujeres,2017T4,390.5
De 25 a 29 años,Ocupados,Mujeres,2017T4,791.9
De 30 a 34 años,Ocupados,Mujeres,2017T4,992.2
De 35 a 39 años,Ocupados,Mujeres,2017T4,1272.5
De 40 a 44 años,Ocupados,Mujeres,2017T4,1391.7
De 45 a 49 años,Ocupados,Mujeres,2017T4,1254.6
De 50 a 54 años,Ocupados,Mujeres,2017T4,1118.2
De 55 a 59 años,Ocupados,Mujeres,2017T4,868.7
De 60 a 64 años,Ocupados,Mujeres,2017T4,455.7
De 65 a 69 años,Ocupados,Mujeres,2017T4,57.2
70 Y Más Años,Ocupados,Mujeres,2017T3,17.1
De 16 a 19 años,Ocupados,Mujeres,2017T3,63.7
De 20 a 24 años,Ocupados,Mujeres,2017T3,419
De 25 a 29 años,Ocupados,Mujeres,2017T3,785.6
De 30 a 34 años,Ocupados,Mujeres,2017T3,996.7
De 35 a 39 años,Ocupados,Mujeres,2017T3,1292.3
De 40 a 44 años,Ocupados,Mujeres,2017T3,1369.5
De 45 a 49 años,Ocupados,Mujeres,2017T3,1240.9
De 50 a 54 años,Ocupados,Mujeres,2017T3,1094.8
De 55 a 59 años,Ocupados,Mujeres,2017T3,838
De 60 a 64 años,Ocupados,Mujeres,2017T3,454.3
De 65 a 69 años,Ocupados,Mujeres,2017T3,56.8
70 Y Más Años,Ocupados,Mujeres,2017T2,16.8
De 16 a 19 años,Ocupados,Mujeres,2017T2,44.2
De 20 a 24 años,Ocupados,Mujeres,2017T2,377.9
De 25 a 29 años,Ocupados,Mujeres,2017T2,790.9
De 30 a 34 años,Ocupados,Mujeres,2017T2,1014
De 35 a 39 años,Ocupados,Mujeres,2017T2,1292.8
De 40 a 44 años,Ocupados,Mujeres,2017T2,1380.6
De 45 a 49 años,Ocupados,Mujeres,2017T2,1213.6
De 50 a 54 años,Ocupados,Mujeres,2017T2,1078
De 55 a 59 años,Ocupados,Mujeres,2017T2,839.7
De 60 a 64 años,Ocupados,Mujeres,2017T2,451.6
De 65 a 69 años,Ocupados,Mujeres,2017T2,56.3
70 Y Más Años,Ocupados,Mujeres,2017T1,14.9
De 16 a 19 años,Ocupados,Mujeres,2017T1,34.4
De 20 a 24 años,Ocupados,Mujeres,2017T1,352
De 25 a 29 años,Ocupados,Mujeres,2017T1,764.6
De 30 a 34 años,Ocupados,Mujeres,2017T1,1005.3
De 35 a 39 años,Ocupados,Mujeres,2017T1,1281.9
De 40 a 44 años,Ocupados,Mujeres,2017T1,1342.7
De 45 a 49 años,Ocupados,Mujeres,2017T1,1195.3
De 50 a 54 años,Ocupados,Mujeres,2017T1,1066.5
De 55 a 59 años,Ocupados,Mujeres,2017T1,838.2
De 60 a 64 años,Ocupados,Mujeres,2017T1,441.3
De 65 a 69 años,Ocupados,Mujeres,2017T1,52.6
70 Y Más Años,Ocupados,Mujeres,2016T4,13.6
De 16 a 19 años,Ocupados,Mujeres,2016T4,36.4
De 20 a 24 años,Ocupados,Mujeres,2016T4,337.4
De 25 a 29 años,Ocupados,Mujeres,2016T4,778
De 30 a 34 años,Ocupados,Mujeres,2016T4,1008.6
De 35 a 39 años,Ocupados,Mujeres,2016T4,1303.6
De 40 a 44 años,Ocupados,Mujeres,2016T4,1364.7
De 45 a 49 años,Ocupados,Mujeres,2016T4,1214.8
De 50 a 54 años,Ocupados,Mujeres,2016T4,1058.1
De 55 a 59 años,Ocupados,Mujeres,2016T4,832.8
De 60 a 64 años,Ocupados,Mujeres,2016T4,435
De 65 a 69 años,Ocupados,Mujeres,2016T4,53.3
70 Y Más Años,Ocupados,Mujeres,2016T3,11.4
De 16 a 19 años,Ocupados,Mujeres,2016T3,50.9
De 20 a 24 años,Ocupados,Mujeres,2016T3,369.2
De 25 a 29 años,Ocupados,Mujeres,2016T3,780.6
De 30 a 34 años,Ocupados,Mujeres,2016T3,1024.1
De 35 a 39 años,Ocupados,Mujeres,2016T3,1310.6
De 40 a 44 años,Ocupados,Mujeres,2016T3,1338
De 45 a 49 años,Ocupados,Mujeres,2016T3,1190.8
De 50 a 54 años,Ocupados,Mujeres,2016T3,1026.2
De 55 a 59 años,Ocupados,Mujeres,2016T3,830.3
De 60 a 64 años,Ocupados,Mujeres,2016T3,427.1
De 65 a 69 años,Ocupados,Mujeres,2016T3,55.5
70 Y Más Años,Ocupados,Mujeres,2016T2,14.5
De 16 a 19 años,Ocupados,Mujeres,2016T2,32.9
De 20 a 24 años,Ocupados,Mujeres,2016T2,328.1
De 25 a 29 años,Ocupados,Mujeres,2016T2,768.9
De 30 a 34 años,Ocupados,Mujeres,2016T2,1020.5
De 35 a 39 años,Ocupados,Mujeres,2016T2,1322.6
De 40 a 44 años,Ocupados,Mujeres,2016T2,1318.3
De 45 a 49 años,Ocupados,Mujeres,2016T2,1199.8
De 50 a 54 años,Ocupados,Mujeres,2016T2,1036.4
De 55 a 59 años,Ocupados,Mujeres,2016T2,802.3
De 60 a 64 años,Ocupados,Mujeres,2016T2,427
De 65 a 69 años,Ocupados,Mujeres,2016T2,58.6
70 Y Más Años,Ocupados,Mujeres,2016T1,12.7
De 16 a 19 años,Ocupados,Mujeres,2016T1,36
De 20 a 24 años,Ocupados,Mujeres,2016T1,310.6
De 25 a 29 años,Ocupados,Mujeres,2016T1,742.9
De 30 a 34 años,Ocupados,Mujeres,2016T1,1027.1
De 35 a 39 años,Ocupados,Mujeres,2016T1,1294
De 40 a 44 años,Ocupados,Mujeres,2016T1,1293.6
De 45 a 49 años,Ocupados,Mujeres,2016T1,1169.6
De 50 a 54 años,Ocupados,Mujeres,2016T1,1026.9
De 55 a 59 años,Ocupados,Mujeres,2016T1,800.7
De 60 a 64 años,Ocupados,Mujeres,2016T1,414.8
De 65 a 69 años,Ocupados,Mujeres,2016T1,53.4
70 Y Más Años,Ocupados,Mujeres,2015T4,13.2
De 16 a 19 años,Ocupados,Mujeres,2015T4,28.9
De 20 a 24 años,Ocupados,Mujeres,2015T4,332
De 25 a 29 años,Ocupados,Mujeres,2015T4,783.6
De 30 a 34 años,Ocupados,Mujeres,2015T4,1040.6
De 35 a 39 años,Ocupados,Mujeres,2015T4,1316.1
De 40 a 44 años,Ocupados,Mujeres,2015T4,1281
De 45 a 49 años,Ocupados,Mujeres,2015T4,1158.7
De 50 a 54 años,Ocupados,Mujeres,2015T4,1027
De 55 a 59 años,Ocupados,Mujeres,2015T4,785
De 60 a 64 años,Ocupados,Mujeres,2015T4,406.7
De 65 a 69 años,Ocupados,Mujeres,2015T4,58.2
70 Y Más Años,Ocupados,Mujeres,2015T3,11.7
De 16 a 19 años,Ocupados,Mujeres,2015T3,40.9
De 20 a 24 años,Ocupados,Mujeres,2015T3,371.2
De 25 a 29 años,Ocupados,Mujeres,2015T3,766.3
De 30 a 34 años,Ocupados,Mujeres,2015T3,1062.5
De 35 a 39 años,Ocupados,Mujeres,2015T3,1318.4
De 40 a 44 años,Ocupados,Mujeres,2015T3,1247.4
De 45 a 49 años,Ocupados,Mujeres,2015T3,1145
De 50 a 54 años,Ocupados,Mujeres,2015T3,1006
De 55 a 59 años,Ocupados,Mujeres,2015T3,743.8
De 60 a 64 años,Ocupados,Mujeres,2015T3,380.2
De 65 a 69 años,Ocupados,Mujeres,2015T3,58.8
70 Y Más Años,Ocupados,Mujeres,2015T2,10.5
De 16 a 19 años,Ocupados,Mujeres,2015T2,29.2
De 20 a 24 años,Ocupados,Mujeres,2015T2,350.7
De 25 a 29 años,Ocupados,Mujeres,2015T2,778.9
De 30 a 34 años,Ocupados,Mujeres,2015T2,1077.3
De 35 a 39 años,Ocupados,Mujeres,2015T2,1302.7
De 40 a 44 años,Ocupados,Mujeres,2015T2,1255.2
De 45 a 49 años,Ocupados,Mujeres,2015T2,1113.4
De 50 a 54 años,Ocupados,Mujeres,2015T2,1017.5
De 55 a 59 años,Ocupados,Mujeres,2015T2,739.8
De 60 a 64 años,Ocupados,Mujeres,2015T2,380.8
De 65 a 69 años,Ocupados,Mujeres,2015T2,49.1
70 Y Más Años,Ocupados,Mujeres,2015T1,10.4
De 16 a 19 años,Ocupados,Mujeres,2015T1,28.8
De 20 a 24 años,Ocupados,Mujeres,2015T1,322.5
De 25 a 29 años,Ocupados,Mujeres,2015T1,759.8
De 30 a 34 años,Ocupados,Mujeres,2015T1,1066.3
De 35 a 39 años,Ocupados,Mujeres,2015T1,1296.3
De 40 a 44 años,Ocupados,Mujeres,2015T1,1217.7
De 45 a 49 años,Ocupados,Mujeres,2015T1,1094
De 50 a 54 años,Ocupados,Mujeres,2015T1,991.5
De 55 a 59 años,Ocupados,Mujeres,2015T1,739.1
De 60 a 64 años,Ocupados,Mujeres,2015T1,363.2
De 65 a 69 años,Ocupados,Mujeres,2015T1,45
70 Y Más Años,Ocupados,Mujeres,2014T4,13.4
De 16 a 19 años,Ocupados,Mujeres,2014T4,31.9
De 20 a 24 años,Ocupados,Mujeres,2014T4,323.8
De 25 a 29 años,Ocupados,Mujeres,2014T4,785.3
De 30 a 34 años,Ocupados,Mujeres,2014T4,1082.6
De 35 a 39 años,Ocupados,Mujeres,2014T4,1303.9
De 40 a 44 años,Ocupados,Mujeres,2014T4,1218.4
De 45 a 49 años,Ocupados,Mujeres,2014T4,1121.7
De 50 a 54 años,Ocupados,Mujeres,2014T4,1001.6
De 55 a 59 años,Ocupados,Mujeres,2014T4,716.5
De 60 a 64 años,Ocupados,Mujeres,2014T4,366.7
De 65 a 69 años,Ocupados,Mujeres,2014T4,45.1
70 Y Más Años,Ocupados,Mujeres,2014T3,13.5
De 16 a 19 años,Ocupados,Mujeres,2014T3,35.3
De 20 a 24 años,Ocupados,Mujeres,2014T3,328.7
De 25 a 29 años,Ocupados,Mujeres,2014T3,798.4
De 30 a 34 años,Ocupados,Mujeres,2014T3,1091.6
De 35 a 39 años,Ocupados,Mujeres,2014T3,1282.6
De 40 a 44 años,Ocupados,Mujeres,2014T3,1212.5
De 45 a 49 años,Ocupados,Mujeres,2014T3,1101.4
De 50 a 54 años,Ocupados,Mujeres,2014T3,949.1
De 55 a 59 años,Ocupados,Mujeres,2014T3,690
De 60 a 64 años,Ocupados,Mujeres,2014T3,352.5
De 65 a 69 años,Ocupados,Mujeres,2014T3,42.4
70 Y Más Años,Ocupados,Mujeres,2014T2,11.7
De 16 a 19 años,Ocupados,Mujeres,2014T2,27.5
De 20 a 24 años,Ocupados,Mujeres,2014T2,320.8
De 25 a 29 años,Ocupados,Mujeres,2014T2,799.5
De 30 a 34 años,Ocupados,Mujeres,2014T2,1104.7
De 35 a 39 años,Ocupados,Mujeres,2014T2,1318.2
De 40 a 44 años,Ocupados,Mujeres,2014T2,1192.3
De 45 a 49 años,Ocupados,Mujeres,2014T2,1112.5
De 50 a 54 años,Ocupados,Mujeres,2014T2,956.4
De 55 a 59 años,Ocupados,Mujeres,2014T2,675.8
De 60 a 64 años,Ocupados,Mujeres,2014T2,353.9
De 65 a 69 años,Ocupados,Mujeres,2014T2,38.7
70 Y Más Años,Ocupados,Mujeres,2014T1,11
De 16 a 19 años,Ocupados,Mujeres,2014T1,28.1
De 20 a 24 años,Ocupados,Mujeres,2014T1,306
De 25 a 29 años,Ocupados,Mujeres,2014T1,780.2
De 30 a 34 años,Ocupados,Mujeres,2014T1,1095.4
De 35 a 39 años,Ocupados,Mujeres,2014T1,1280.9
De 40 a 44 años,Ocupados,Mujeres,2014T1,1184.3
De 45 a 49 años,Ocupados,Mujeres,2014T1,1089.1
De 50 a 54 años,Ocupados,Mujeres,2014T1,946.7
De 55 a 59 años,Ocupados,Mujeres,2014T1,672.8
De 60 a 64 años,Ocupados,Mujeres,2014T1,347.6
De 65 a 69 años,Ocupados,Mujeres,2014T1,43
70 Y Más Años,Ocupados,Mujeres,2013T4,10.9
De 16 a 19 años,Ocupados,Mujeres,2013T4,27.1
De 20 a 24 años,Ocupados,Mujeres,2013T4,326.5
De 25 a 29 años,Ocupados,Mujeres,2013T4,808.7
De 30 a 34 años,Ocupados,Mujeres,2013T4,1101.1
De 35 a 39 años,Ocupados,Mujeres,2013T4,1273.6
De 40 a 44 años,Ocupados,Mujeres,2013T4,1197.9
De 45 a 49 años,Ocupados,Mujeres,2013T4,1099.1
De 50 a 54 años,Ocupados,Mujeres,2013T4,927
De 55 a 59 años,Ocupados,Mujeres,2013T4,677
De 60 a 64 años,Ocupados,Mujeres,2013T4,335.6
De 65 a 69 años,Ocupados,Mujeres,2013T4,43.9
70 Y Más Años,Ocupados,Mujeres,2013T3,13.8
De 16 a 19 años,Ocupados,Mujeres,2013T3,37.8
De 20 a 24 años,Ocupados,Mujeres,2013T3,340.9
De 25 a 29 años,Ocupados,Mujeres,2013T3,828
De 30 a 34 años,Ocupados,Mujeres,2013T3,1119.2
De 35 a 39 años,Ocupados,Mujeres,2013T3,1272.7
De 40 a 44 años,Ocupados,Mujeres,2013T3,1184.9
De 45 a 49 años,Ocupados,Mujeres,2013T3,1091.7
De 50 a 54 años,Ocupados,Mujeres,2013T3,918.4
De 55 a 59 años,Ocupados,Mujeres,2013T3,669.1
De 60 a 64 años,Ocupados,Mujeres,2013T3,324.9
De 65 a 69 años,Ocupados,Mujeres,2013T3,43.8
70 Y Más Años,Ocupados,Mujeres,2013T2,16.1
De 16 a 19 años,Ocupados,Mujeres,2013T2,24.1
De 20 a 24 años,Ocupados,Mujeres,2013T2,325.7
De 25 a 29 años,Ocupados,Mujeres,2013T2,792
De 30 a 34 años,Ocupados,Mujeres,2013T2,1152.2
De 35 a 39 años,Ocupados,Mujeres,2013T2,1279.3
De 40 a 44 años,Ocupados,Mujeres,2013T2,1185.7
De 45 a 49 años,Ocupados,Mujeres,2013T2,1099.3
De 50 a 54 años,Ocupados,Mujeres,2013T2,926.5
De 55 a 59 años,Ocupados,Mujeres,2013T2,665.7
De 60 a 64 años,Ocupados,Mujeres,2013T2,314.8
De 65 a 69 años,Ocupados,Mujeres,2013T2,46.1
70 Y Más Años,Ocupados,Mujeres,2013T1,14.1
De 16 a 19 años,Ocupados,Mujeres,2013T1,26.1
De 20 a 24 años,Ocupados,Mujeres,2013T1,340.1
De 25 a 29 años,Ocupados,Mujeres,2013T1,799.4
De 30 a 34 años,Ocupados,Mujeres,2013T1,1154.2
De 35 a 39 años,Ocupados,Mujeres,2013T1,1277.7
De 40 a 44 años,Ocupados,Mujeres,2013T1,1158.2
De 45 a 49 años,Ocupados,Mujeres,2013T1,1088.4
De 50 a 54 años,Ocupados,Mujeres,2013T1,934.1
De 55 a 59 años,Ocupados,Mujeres,2013T1,640.6
De 60 a 64 años,Ocupados,Mujeres,2013T1,313.4
De 65 a 69 años,Ocupados,Mujeres,2013T1,45.5
70 Y Más Años,Ocupados,Mujeres,2012T4,14.8
De 16 a 19 años,Ocupados,Mujeres,2012T4,28.7
De 20 a 24 años,Ocupados,Mujeres,2012T4,347.1
De 25 a 29 años,Ocupados,Mujeres,2012T4,823.2
De 30 a 34 años,Ocupados,Mujeres,2012T4,1178.3
De 35 a 39 años,Ocupados,Mujeres,2012T4,1283.2
De 40 a 44 años,Ocupados,Mujeres,2012T4,1182
De 45 a 49 años,Ocupados,Mujeres,2012T4,1109.2
De 50 a 54 años,Ocupados,Mujeres,2012T4,923.8
De 55 a 59 años,Ocupados,Mujeres,2012T4,637
De 60 a 64 años,Ocupados,Mujeres,2012T4,325.4
De 65 a 69 años,Ocupados,Mujeres,2012T4,51.1
70 Y Más Años,Ocupados,Mujeres,2012T3,20.5
De 16 a 19 años,Ocupados,Mujeres,2012T3,40.4
De 20 a 24 años,Ocupados,Mujeres,2012T3,389.8
De 25 a 29 años,Ocupados,Mujeres,2012T3,877.2
De 30 a 34 años,Ocupados,Mujeres,2012T3,1190.2
De 35 a 39 años,Ocupados,Mujeres,2012T3,1303.3
De 40 a 44 años,Ocupados,Mujeres,2012T3,1174.8
De 45 a 49 años,Ocupados,Mujeres,2012T3,1085.6
De 50 a 54 años,Ocupados,Mujeres,2012T3,913.8
De 55 a 59 años,Ocupados,Mujeres,2012T3,645.8
De 60 a 64 años,Ocupados,Mujeres,2012T3,330.3
De 65 a 69 años,Ocupados,Mujeres,2012T3,50.1
70 Y Más Años,Ocupados,Mujeres,2012T2,18.6
De 16 a 19 años,Ocupados,Mujeres,2012T2,37.5
De 20 a 24 años,Ocupados,Mujeres,2012T2,381.3
De 25 a 29 años,Ocupados,Mujeres,2012T2,914.6
De 30 a 34 años,Ocupados,Mujeres,2012T2,1229.2
De 35 a 39 años,Ocupados,Mujeres,2012T2,1312.4
De 40 a 44 años,Ocupados,Mujeres,2012T2,1170.5
De 45 a 49 años,Ocupados,Mujeres,2012T2,1097.9
De 50 a 54 años,Ocupados,Mujeres,2012T2,918.8
De 55 a 59 años,Ocupados,Mujeres,2012T2,632.1
De 60 a 64 años,Ocupados,Mujeres,2012T2,332.2
De 65 a 69 años,Ocupados,Mujeres,2012T2,50.5
70 Y Más Años,Ocupados,Mujeres,2012T1,18.5
De 16 a 19 años,Ocupados,Mujeres,2012T1,37.6
De 20 a 24 años,Ocupados,Mujeres,2012T1,395.5
De 25 a 29 años,Ocupados,Mujeres,2012T1,905.4
De 30 a 34 años,Ocupados,Mujeres,2012T1,1231.5
De 35 a 39 años,Ocupados,Mujeres,2012T1,1308.9
De 40 a 44 años,Ocupados,Mujeres,2012T1,1164.5
De 45 a 49 años,Ocupados,Mujeres,2012T1,1102.2
De 50 a 54 años,Ocupados,Mujeres,2012T1,924.7
De 55 a 59 años,Ocupados,Mujeres,2012T1,617.6
De 60 a 64 años,Ocupados,Mujeres,2012T1,323
De 65 a 69 años,Ocupados,Mujeres,2012T1,47.6
70 Y Más Años,Ocupados,Mujeres,2011T4,17.9
De 16 a 19 años,Ocupados,Mujeres,2011T4,39.6
De 20 a 24 años,Ocupados,Mujeres,2011T4,430.3
De 25 a 29 años,Ocupados,Mujeres,2011T4,945.6
De 30 a 34 años,Ocupados,Mujeres,2011T4,1261
De 35 a 39 años,Ocupados,Mujeres,2011T4,1301.1
De 40 a 44 años,Ocupados,Mujeres,2011T4,1175.2
De 45 a 49 años,Ocupados,Mujeres,2011T4,1088.4
De 50 a 54 años,Ocupados,Mujeres,2011T4,918.6
De 55 a 59 años,Ocupados,Mujeres,2011T4,612.9
De 60 a 64 años,Ocupados,Mujeres,2011T4,331.8
De 65 a 69 años,Ocupados,Mujeres,2011T4,50.4
70 Y Más Años,Ocupados,Mujeres,2011T3,18.5
De 16 a 19 años,Ocupados,Mujeres,2011T3,69.4
De 20 a 24 años,Ocupados,Mujeres,2011T3,466.5
De 25 a 29 años,Ocupados,Mujeres,2011T3,970.8
De 30 a 34 años,Ocupados,Mujeres,2011T3,1281.6
De 35 a 39 años,Ocupados,Mujeres,2011T3,1303.5
De 40 a 44 años,Ocupados,Mujeres,2011T3,1185
De 45 a 49 años,Ocupados,Mujeres,2011T3,1082.4
De 50 a 54 años,Ocupados,Mujeres,2011T3,906.9
De 55 a 59 años,Ocupados,Mujeres,2011T3,615.6
De 60 a 64 años,Ocupados,Mujeres,2011T3,335.2
De 65 a 69 años,Ocupados,Mujeres,2011T3,44.9
70 Y Más Años,Ocupados,Mujeres,2011T2,14.8
De 16 a 19 años,Ocupados,Mujeres,2011T2,61.7
De 20 a 24 años,Ocupados,Mujeres,2011T2,459.5
De 25 a 29 años,Ocupados,Mujeres,2011T2,989.9
De 30 a 34 años,Ocupados,Mujeres,2011T2,1313.1
De 35 a 39 años,Ocupados,Mujeres,2011T2,1338.1
De 40 a 44 años,Ocupados,Mujeres,2011T2,1190.5
De 45 a 49 años,Ocupados,Mujeres,2011T2,1111.1
De 50 a 54 años,Ocupados,Mujeres,2011T2,924.3
De 55 a 59 años,Ocupados,Mujeres,2011T2,610.8
De 60 a 64 años,Ocupados,Mujeres,2011T2,330.2
De 65 a 69 años,Ocupados,Mujeres,2011T2,49.1
70 Y Más Años,Ocupados,Mujeres,2011T1,17.8
De 16 a 19 años,Ocupados,Mujeres,2011T1,45.4
De 20 a 24 años,Ocupados,Mujeres,2011T1,469.4
De 25 a 29 años,Ocupados,Mujeres,2011T1,982.7
De 30 a 34 años,Ocupados,Mujeres,2011T1,1294
De 35 a 39 años,Ocupados,Mujeres,2011T1,1309.6
De 40 a 44 años,Ocupados,Mujeres,2011T1,1186.7
De 45 a 49 años,Ocupados,Mujeres,2011T1,1080.6
De 50 a 54 años,Ocupados,Mujeres,2011T1,900.4
De 55 a 59 años,Ocupados,Mujeres,2011T1,578.5
De 60 a 64 años,Ocupados,Mujeres,2011T1,313.7
De 65 a 69 años,Ocupados,Mujeres,2011T1,50.9
70 Y Más Años,Ocupados,Mujeres,2010T4,16.4
De 16 a 19 años,Ocupados,Mujeres,2010T4,50.7
De 20 a 24 años,Ocupados,Mujeres,2010T4,495.7
De 25 a 29 años,Ocupados,Mujeres,2010T4,1023.3
De 30 a 34 años,Ocupados,Mujeres,2010T4,1334.5
De 35 a 39 años,Ocupados,Mujeres,2010T4,1304.2
De 40 a 44 años,Ocupados,Mujeres,2010T4,1187.9
De 45 a 49 años,Ocupados,Mujeres,2010T4,1091.8
De 50 a 54 años,Ocupados,Mujeres,2010T4,897
De 55 a 59 años,Ocupados,Mujeres,2010T4,565.2
De 60 a 64 años,Ocupados,Mujeres,2010T4,315.7
De 65 a 69 años,Ocupados,Mujeres,2010T4,51.6
70 Y Más Años,Ocupados,Mujeres,2010T3,15.1
De 16 a 19 años,Ocupados,Mujeres,2010T3,66.6
De 20 a 24 años,Ocupados,Mujeres,2010T3,533.4
De 25 a 29 años,Ocupados,Mujeres,2010T3,1045.3
De 30 a 34 años,Ocupados,Mujeres,2010T3,1333.5
De 35 a 39 años,Ocupados,Mujeres,2010T3,1267.1
De 40 a 44 años,Ocupados,Mujeres,2010T3,1165.2
De 45 a 49 años,Ocupados,Mujeres,2010T3,1087
De 50 a 54 años,Ocupados,Mujeres,2010T3,888.6
De 55 a 59 años,Ocupados,Mujeres,2010T3,552.3
De 60 a 64 años,Ocupados,Mujeres,2010T3,303.6
De 65 a 69 años,Ocupados,Mujeres,2010T3,47.1
70 Y Más Años,Ocupados,Mujeres,2010T2,16.4
De 16 a 19 años,Ocupados,Mujeres,2010T2,61.1
De 20 a 24 años,Ocupados,Mujeres,2010T2,505.4
De 25 a 29 años,Ocupados,Mujeres,2010T2,1070.6
De 30 a 34 años,Ocupados,Mujeres,2010T2,1338.5
De 35 a 39 años,Ocupados,Mujeres,2010T2,1275.3
De 40 a 44 años,Ocupados,Mujeres,2010T2,1181
De 45 a 49 años,Ocupados,Mujeres,2010T2,1077.8
De 50 a 54 años,Ocupados,Mujeres,2010T2,868.5
De 55 a 59 años,Ocupados,Mujeres,2010T2,537.9
De 60 a 64 años,Ocupados,Mujeres,2010T2,298.7
De 65 a 69 años,Ocupados,Mujeres,2010T2,49.7
70 Y Más Años,Ocupados,Mujeres,2010T1,16.3
De 16 a 19 años,Ocupados,Mujeres,2010T1,61.3
De 20 a 24 años,Ocupados,Mujeres,2010T1,527
De 25 a 29 años,Ocupados,Mujeres,2010T1,1085.6
De 30 a 34 años,Ocupados,Mujeres,2010T1,1334.7
De 35 a 39 años,Ocupados,Mujeres,2010T1,1245.2
De 40 a 44 años,Ocupados,Mujeres,2010T1,1202.6
De 45 a 49 años,Ocupados,Mujeres,2010T1,1064.8
De 50 a 54 años,Ocupados,Mujeres,2010T1,864
De 55 a 59 años,Ocupados,Mujeres,2010T1,538.5
De 60 a 64 años,Ocupados,Mujeres,2010T1,297.6
De 65 a 69 años,Ocupados,Mujeres,2010T1,45.9
70 Y Más Años,Activos,Hombres,2020T3,31.9
De 16 a 19 años,Activos,Hombres,2020T3,163.5
De 20 a 24 años,Activos,Hombres,2020T3,682.2
De 25 a 29 años,Activos,Hombres,2020T3,1050.2
De 30 a 34 años,Activos,Hombres,2020T3,1245.9
De 35 a 39 años,Activos,Hombres,2020T3,1489.9
De 40 a 44 años,Activos,Hombres,2020T3,1816.2
De 45 a 49 años,Activos,Hombres,2020T3,1799.4
De 50 a 54 años,Activos,Hombres,2020T3,1636.9
De 55 a 59 años,Activos,Hombres,2020T3,1365.9
De 60 a 64 años,Activos,Hombres,2020T3,809.1
De 65 a 69 años,Activos,Hombres,2020T3,120.6
70 Y Más Años,Activos,Hombres,2020T2,33.8
De 16 a 19 años,Activos,Hombres,2020T2,123.5
De 20 a 24 años,Activos,Hombres,2020T2,599
De 25 a 29 años,Activos,Hombres,2020T2,1015.5
De 30 a 34 años,Activos,Hombres,2020T2,1209.3
De 35 a 39 años,Activos,Hombres,2020T2,1464.4
De 40 a 44 años,Activos,Hombres,2020T2,1780
De 45 a 49 años,Activos,Hombres,2020T2,1761.9
De 50 a 54 años,Activos,Hombres,2020T2,1598.6
De 55 a 59 años,Activos,Hombres,2020T2,1329.4
De 60 a 64 años,Activos,Hombres,2020T2,780.1
De 65 a 69 años,Activos,Hombres,2020T2,104.9
70 Y Más Años,Activos,Hombres,2020T1,38.6
De 16 a 19 años,Activos,Hombres,2020T1,154.8
De 20 a 24 años,Activos,Hombres,2020T1,665.6
De 25 a 29 años,Activos,Hombres,2020T1,1083.5
De 30 a 34 años,Activos,Hombres,2020T1,1259.7
De 35 a 39 años,Activos,Hombres,2020T1,1528.4
De 40 a 44 años,Activos,Hombres,2020T1,1842.5
De 45 a 49 años,Activos,Hombres,2020T1,1777.3
De 50 a 54 años,Activos,Hombres,2020T1,1622.1
De 55 a 59 años,Activos,Hombres,2020T1,1364.2
De 60 a 64 años,Activos,Hombres,2020T1,786.5
De 65 a 69 años,Activos,Hombres,2020T1,102.1
70 Y Más Años,Activos,Hombres,2019T4,37.3
De 16 a 19 años,Activos,Hombres,2019T4,154.5
De 20 a 24 años,Activos,Hombres,2019T4,684
De 25 a 29 años,Activos,Hombres,2019T4,1103
De 30 a 34 años,Activos,Hombres,2019T4,1272.5
De 35 a 39 años,Activos,Hombres,2019T4,1543.7
De 40 a 44 años,Activos,Hombres,2019T4,1868.6
De 45 a 49 años,Activos,Hombres,2019T4,1796.9
De 50 a 54 años,Activos,Hombres,2019T4,1628.4
De 55 a 59 años,Activos,Hombres,2019T4,1354.9
De 60 a 64 años,Activos,Hombres,2019T4,772.6
De 65 a 69 años,Activos,Hombres,2019T4,98.3
70 Y Más Años,Activos,Hombres,2019T3,37.4
De 16 a 19 años,Activos,Hombres,2019T3,175.2
De 20 a 24 años,Activos,Hombres,2019T3,735.6
De 25 a 29 años,Activos,Hombres,2019T3,1090.6
De 30 a 34 años,Activos,Hombres,2019T3,1278.7
De 35 a 39 años,Activos,Hombres,2019T3,1563.9
De 40 a 44 años,Activos,Hombres,2019T3,1858.1
De 45 a 49 años,Activos,Hombres,2019T3,1786.3
De 50 a 54 años,Activos,Hombres,2019T3,1625.1
De 55 a 59 años,Activos,Hombres,2019T3,1339.2
De 60 a 64 años,Activos,Hombres,2019T3,738.1
De 65 a 69 años,Activos,Hombres,2019T3,96.7
70 Y Más Años,Activos,Hombres,2019T2,36
De 16 a 19 años,Activos,Hombres,2019T2,159.7
De 20 a 24 años,Activos,Hombres,2019T2,676.5
De 25 a 29 años,Activos,Hombres,2019T2,1085.7
De 30 a 34 años,Activos,Hombres,2019T2,1287.4
De 35 a 39 años,Activos,Hombres,2019T2,1594.1
De 40 a 44 años,Activos,Hombres,2019T2,1876.2
De 45 a 49 años,Activos,Hombres,2019T2,1784.4
De 50 a 54 años,Activos,Hombres,2019T2,1613.8
De 55 a 59 años,Activos,Hombres,2019T2,1348.4
De 60 a 64 años,Activos,Hombres,2019T2,728.6
De 65 a 69 años,Activos,Hombres,2019T2,93.6
70 Y Más Años,Activos,Hombres,2019T1,35.8
De 16 a 19 años,Activos,Hombres,2019T1,141.1
De 20 a 24 años,Activos,Hombres,2019T1,639.7
De 25 a 29 años,Activos,Hombres,2019T1,1093.7
De 30 a 34 años,Activos,Hombres,2019T1,1286.3
De 35 a 39 años,Activos,Hombres,2019T1,1595.2
De 40 a 44 años,Activos,Hombres,2019T1,1871.9
De 45 a 49 años,Activos,Hombres,2019T1,1769.3
De 50 a 54 años,Activos,Hombres,2019T1,1615.6
De 55 a 59 años,Activos,Hombres,2019T1,1329.1
De 60 a 64 años,Activos,Hombres,2019T1,711.2
De 65 a 69 años,Activos,Hombres,2019T1,80.6
70 Y Más Años,Activos,Hombres,2018T4,35.3
De 16 a 19 años,Activos,Hombres,2018T4,144.3
De 20 a 24 años,Activos,Hombres,2018T4,663.4
De 25 a 29 años,Activos,Hombres,2018T4,1097.9
De 30 a 34 años,Activos,Hombres,2018T4,1294.5
De 35 a 39 años,Activos,Hombres,2018T4,1623.7
De 40 a 44 años,Activos,Hombres,2018T4,1881.1
De 45 a 49 años,Activos,Hombres,2018T4,1757.9
De 50 a 54 años,Activos,Hombres,2018T4,1612.6
De 55 a 59 años,Activos,Hombres,2018T4,1319.2
De 60 a 64 años,Activos,Hombres,2018T4,714.4
De 65 a 69 años,Activos,Hombres,2018T4,82.8
70 Y Más Años,Activos,Hombres,2018T3,32.8
De 16 a 19 años,Activos,Hombres,2018T3,171.8
De 20 a 24 años,Activos,Hombres,2018T3,703.9
De 25 a 29 años,Activos,Hombres,2018T3,1090.4
De 30 a 34 años,Activos,Hombres,2018T3,1296.7
De 35 a 39 años,Activos,Hombres,2018T3,1638
De 40 a 44 años,Activos,Hombres,2018T3,1894.2
De 45 a 49 años,Activos,Hombres,2018T3,1754.6
De 50 a 54 años,Activos,Hombres,2018T3,1599.7
De 55 a 59 años,Activos,Hombres,2018T3,1306.3
De 60 a 64 años,Activos,Hombres,2018T3,695.4
De 65 a 69 años,Activos,Hombres,2018T3,88
70 Y Más Años,Activos,Hombres,2018T2,29.1
De 16 a 19 años,Activos,Hombres,2018T2,154.1
De 20 a 24 años,Activos,Hombres,2018T2,665.9
De 25 a 29 años,Activos,Hombres,2018T2,1074.1
De 30 a 34 años,Activos,Hombres,2018T2,1301.9
De 35 a 39 años,Activos,Hombres,2018T2,1655.1
De 40 a 44 años,Activos,Hombres,2018T2,1891.2
De 45 a 49 años,Activos,Hombres,2018T2,1759.3
De 50 a 54 años,Activos,Hombres,2018T2,1593.9
De 55 a 59 años,Activos,Hombres,2018T2,1299.7
De 60 a 64 años,Activos,Hombres,2018T2,691
De 65 a 69 años,Activos,Hombres,2018T2,87
70 Y Más Años,Activos,Hombres,2018T1,29.2
De 16 a 19 años,Activos,Hombres,2018T1,134.9
De 20 a 24 años,Activos,Hombres,2018T1,639.2
De 25 a 29 años,Activos,Hombres,2018T1,1074.6
De 30 a 34 años,Activos,Hombres,2018T1,1312.4
De 35 a 39 años,Activos,Hombres,2018T1,1668.7
De 40 a 44 años,Activos,Hombres,2018T1,1886.4
De 45 a 49 años,Activos,Hombres,2018T1,1745
De 50 a 54 años,Activos,Hombres,2018T1,1586.7
De 55 a 59 años,Activos,Hombres,2018T1,1294.2
De 60 a 64 años,Activos,Hombres,2018T1,666.6
De 65 a 69 años,Activos,Hombres,2018T1,87
70 Y Más Años,Activos,Hombres,2017T4,26.4
De 16 a 19 años,Activos,Hombres,2017T4,148.1
De 20 a 24 años,Activos,Hombres,2017T4,641.9
De 25 a 29 años,Activos,Hombres,2017T4,1078.9
De 30 a 34 años,Activos,Hombres,2017T4,1322.9
De 35 a 39 años,Activos,Hombres,2017T4,1694.2
De 40 a 44 años,Activos,Hombres,2017T4,1882.8
De 45 a 49 años,Activos,Hombres,2017T4,1734.6
De 50 a 54 años,Activos,Hombres,2017T4,1591.3
De 55 a 59 años,Activos,Hombres,2017T4,1283.6
De 60 a 64 años,Activos,Hombres,2017T4,672
De 65 a 69 años,Activos,Hombres,2017T4,83.2
70 Y Más Años,Activos,Hombres,2017T3,25.1
De 16 a 19 años,Activos,Hombres,2017T3,174.9
De 20 a 24 años,Activos,Hombres,2017T3,701.4
De 25 a 29 años,Activos,Hombres,2017T3,1083.4
De 30 a 34 años,Activos,Hombres,2017T3,1323.6
De 35 a 39 años,Activos,Hombres,2017T3,1719
De 40 a 44 años,Activos,Hombres,2017T3,1872.5
De 45 a 49 años,Activos,Hombres,2017T3,1724.5
De 50 a 54 años,Activos,Hombres,2017T3,1574.3
De 55 a 59 años,Activos,Hombres,2017T3,1272.6
De 60 a 64 años,Activos,Hombres,2017T3,672
De 65 a 69 años,Activos,Hombres,2017T3,87.9
70 Y Más Años,Activos,Hombres,2017T2,25.4
De 16 a 19 años,Activos,Hombres,2017T2,147.3
De 20 a 24 años,Activos,Hombres,2017T2,646.1
De 25 a 29 años,Activos,Hombres,2017T2,1081.6
De 30 a 34 años,Activos,Hombres,2017T2,1340.8
De 35 a 39 años,Activos,Hombres,2017T2,1729.4
De 40 a 44 años,Activos,Hombres,2017T2,1876.7
De 45 a 49 años,Activos,Hombres,2017T2,1726.6
De 50 a 54 años,Activos,Hombres,2017T2,1578
De 55 a 59 años,Activos,Hombres,2017T2,1261.8
De 60 a 64 años,Activos,Hombres,2017T2,662.8
De 65 a 69 años,Activos,Hombres,2017T2,81.9
70 Y Más Años,Activos,Hombres,2017T1,25.3
De 16 a 19 años,Activos,Hombres,2017T1,139.1
De 20 a 24 años,Activos,Hombres,2017T1,631.6
De 25 a 29 años,Activos,Hombres,2017T1,1075
De 30 a 34 años,Activos,Hombres,2017T1,1352.4
De 35 a 39 años,Activos,Hombres,2017T1,1763.4
De 40 a 44 años,Activos,Hombres,2017T1,1883.5
De 45 a 49 años,Activos,Hombres,2017T1,1721
De 50 a 54 años,Activos,Hombres,2017T1,1567.3
De 55 a 59 años,Activos,Hombres,2017T1,1265.7
De 60 a 64 años,Activos,Hombres,2017T1,635.5
De 65 a 69 años,Activos,Hombres,2017T1,79.3
70 Y Más Años,Activos,Hombres,2016T4,22.9
De 16 a 19 años,Activos,Hombres,2016T4,133.3
De 20 a 24 años,Activos,Hombres,2016T4,640.2
De 25 a 29 años,Activos,Hombres,2016T4,1086
De 30 a 34 años,Activos,Hombres,2016T4,1382.4
De 35 a 39 años,Activos,Hombres,2016T4,1782.9
De 40 a 44 años,Activos,Hombres,2016T4,1882.8
De 45 a 49 años,Activos,Hombres,2016T4,1719
De 50 a 54 años,Activos,Hombres,2016T4,1559.3
De 55 a 59 años,Activos,Hombres,2016T4,1257.1
De 60 a 64 años,Activos,Hombres,2016T4,623.5
De 65 a 69 años,Activos,Hombres,2016T4,77.6
70 Y Más Años,Activos,Hombres,2016T3,23.3
De 16 a 19 años,Activos,Hombres,2016T3,150.9
De 20 a 24 años,Activos,Hombres,2016T3,669.2
De 25 a 29 años,Activos,Hombres,2016T3,1105.7
De 30 a 34 años,Activos,Hombres,2016T3,1406.9
De 35 a 39 años,Activos,Hombres,2016T3,1799.4
De 40 a 44 años,Activos,Hombres,2016T3,1871.8
De 45 a 49 años,Activos,Hombres,2016T3,1723.5
De 50 a 54 años,Activos,Hombres,2016T3,1547.8
De 55 a 59 años,Activos,Hombres,2016T3,1243.3
De 60 a 64 años,Activos,Hombres,2016T3,628.3
De 65 a 69 años,Activos,Hombres,2016T3,72.1
70 Y Más Años,Activos,Hombres,2016T2,22.6
De 16 a 19 años,Activos,Hombres,2016T2,136
De 20 a 24 años,Activos,Hombres,2016T2,670.1
De 25 a 29 años,Activos,Hombres,2016T2,1095.1
De 30 a 34 años,Activos,Hombres,2016T2,1418.5
De 35 a 39 años,Activos,Hombres,2016T2,1809
De 40 a 44 años,Activos,Hombres,2016T2,1877.1
De 45 a 49 años,Activos,Hombres,2016T2,1726.7
De 50 a 54 años,Activos,Hombres,2016T2,1547.7
De 55 a 59 años,Activos,Hombres,2016T2,1219.9
De 60 a 64 años,Activos,Hombres,2016T2,628.1
De 65 a 69 años,Activos,Hombres,2016T2,70
70 Y Más Años,Activos,Hombres,2016T1,22.6
De 16 a 19 años,Activos,Hombres,2016T1,131.1
De 20 a 24 años,Activos,Hombres,2016T1,650.1
De 25 a 29 años,Activos,Hombres,2016T1,1097.8
De 30 a 34 años,Activos,Hombres,2016T1,1446.5
De 35 a 39 años,Activos,Hombres,2016T1,1835.4
De 40 a 44 años,Activos,Hombres,2016T1,1877.6
De 45 a 49 años,Activos,Hombres,2016T1,1720.6
De 50 a 54 años,Activos,Hombres,2016T1,1529.3
De 55 a 59 años,Activos,Hombres,2016T1,1224.2
De 60 a 64 años,Activos,Hombres,2016T1,626.2
De 65 a 69 años,Activos,Hombres,2016T1,63.8
70 Y Más Años,Activos,Hombres,2015T4,23.4
De 16 a 19 años,Activos,Hombres,2015T4,135
De 20 a 24 años,Activos,Hombres,2015T4,667.7
De 25 a 29 años,Activos,Hombres,2015T4,1111.4
De 30 a 34 años,Activos,Hombres,2015T4,1454
De 35 a 39 años,Activos,Hombres,2015T4,1852.6
De 40 a 44 años,Activos,Hombres,2015T4,1868.4
De 45 a 49 años,Activos,Hombres,2015T4,1714.3
De 50 a 54 años,Activos,Hombres,2015T4,1524.2
De 55 a 59 años,Activos,Hombres,2015T4,1203.4
De 60 a 64 años,Activos,Hombres,2015T4,625
De 65 a 69 años,Activos,Hombres,2015T4,71.4
70 Y Más Años,Activos,Hombres,2015T3,22.2
De 16 a 19 años,Activos,Hombres,2015T3,168.6
De 20 a 24 años,Activos,Hombres,2015T3,707
De 25 a 29 años,Activos,Hombres,2015T3,1132.7
De 30 a 34 años,Activos,Hombres,2015T3,1497.6
De 35 a 39 años,Activos,Hombres,2015T3,1863.1
De 40 a 44 años,Activos,Hombres,2015T3,1872.4
De 45 a 49 años,Activos,Hombres,2015T3,1704.1
De 50 a 54 años,Activos,Hombres,2015T3,1524.9
De 55 a 59 años,Activos,Hombres,2015T3,1186.6
De 60 a 64 años,Activos,Hombres,2015T3,614.1
De 65 a 69 años,Activos,Hombres,2015T3,62
70 Y Más Años,Activos,Hombres,2015T2,23.2
De 16 a 19 años,Activos,Hombres,2015T2,146.6
De 20 a 24 años,Activos,Hombres,2015T2,677.6
De 25 a 29 años,Activos,Hombres,2015T2,1130.7
De 30 a 34 años,Activos,Hombres,2015T2,1530.8
De 35 a 39 años,Activos,Hombres,2015T2,1887.9
De 40 a 44 años,Activos,Hombres,2015T2,1870.1
De 45 a 49 años,Activos,Hombres,2015T2,1721.5
De 50 a 54 años,Activos,Hombres,2015T2,1517.3
De 55 a 59 años,Activos,Hombres,2015T2,1184.2
De 60 a 64 años,Activos,Hombres,2015T2,596.1
De 65 a 69 años,Activos,Hombres,2015T2,63.9
70 Y Más Años,Activos,Hombres,2015T1,19.2
De 16 a 19 años,Activos,Hombres,2015T1,137.8
De 20 a 24 años,Activos,Hombres,2015T1,682.8
De 25 a 29 años,Activos,Hombres,2015T1,1156.8
De 30 a 34 años,Activos,Hombres,2015T1,1538.8
De 35 a 39 años,Activos,Hombres,2015T1,1892.6
De 40 a 44 años,Activos,Hombres,2015T1,1857.7
De 45 a 49 años,Activos,Hombres,2015T1,1701.5
De 50 a 54 años,Activos,Hombres,2015T1,1511.5
De 55 a 59 años,Activos,Hombres,2015T1,1173.4
De 60 a 64 años,Activos,Hombres,2015T1,583.9
De 65 a 69 años,Activos,Hombres,2015T1,66.5
70 Y Más Años,Activos,Hombres,2014T4,19.8
De 16 a 19 años,Activos,Hombres,2014T4,135.8
De 20 a 24 años,Activos,Hombres,2014T4,692.9
De 25 a 29 años,Activos,Hombres,2014T4,1180.9
De 30 a 34 años,Activos,Hombres,2014T4,1560.8
De 35 a 39 años,Activos,Hombres,2014T4,1910.9
De 40 a 44 años,Activos,Hombres,2014T4,1861.8
De 45 a 49 años,Activos,Hombres,2014T4,1708.6
De 50 a 54 años,Activos,Hombres,2014T4,1501.2
De 55 a 59 años,Activos,Hombres,2014T4,1167.8
De 60 a 64 años,Activos,Hombres,2014T4,579.1
De 65 a 69 años,Activos,Hombres,2014T4,62.5
70 Y Más Años,Activos,Hombres,2014T3,20.8
De 16 a 19 años,Activos,Hombres,2014T3,151.8
De 20 a 24 años,Activos,Hombres,2014T3,738.3
De 25 a 29 años,Activos,Hombres,2014T3,1190.6
De 30 a 34 años,Activos,Hombres,2014T3,1568.2
De 35 a 39 años,Activos,Hombres,2014T3,1916.7
De 40 a 44 años,Activos,Hombres,2014T3,1848.5
De 45 a 49 años,Activos,Hombres,2014T3,1707.9
De 50 a 54 años,Activos,Hombres,2014T3,1475.1
De 55 a 59 años,Activos,Hombres,2014T3,1137.2
De 60 a 64 años,Activos,Hombres,2014T3,576
De 65 a 69 años,Activos,Hombres,2014T3,68.2
70 Y Más Años,Activos,Hombres,2014T2,20
De 16 a 19 años,Activos,Hombres,2014T2,142.3
De 20 a 24 años,Activos,Hombres,2014T2,709.1
De 25 a 29 años,Activos,Hombres,2014T2,1194.7
De 30 a 34 años,Activos,Hombres,2014T2,1596.1
De 35 a 39 años,Activos,Hombres,2014T2,1935.3
De 40 a 44 años,Activos,Hombres,2014T2,1842.4
De 45 a 49 años,Activos,Hombres,2014T2,1709.8
De 50 a 54 años,Activos,Hombres,2014T2,1477
De 55 a 59 años,Activos,Hombres,2014T2,1128.9
De 60 a 64 años,Activos,Hombres,2014T2,555.9
De 65 a 69 años,Activos,Hombres,2014T2,61.8
70 Y Más Años,Activos,Hombres,2014T1,19.5
De 16 a 19 años,Activos,Hombres,2014T1,138.5
De 20 a 24 años,Activos,Hombres,2014T1,710
De 25 a 29 años,Activos,Hombres,2014T1,1195.8
De 30 a 34 años,Activos,Hombres,2014T1,1607.7
De 35 a 39 años,Activos,Hombres,2014T1,1923.5
De 40 a 44 años,Activos,Hombres,2014T1,1820.7
De 45 a 49 años,Activos,Hombres,2014T1,1692.3
De 50 a 54 años,Activos,Hombres,2014T1,1470.2
De 55 a 59 años,Activos,Hombres,2014T1,1106.6
De 60 a 64 años,Activos,Hombres,2014T1,539.4
De 65 a 69 años,Activos,Hombres,2014T1,57.9
70 Y Más Años,Activos,Hombres,2013T4,18.4
De 16 a 19 años,Activos,Hombres,2013T4,151.1
De 20 a 24 años,Activos,Hombres,2013T4,730.4
De 25 a 29 años,Activos,Hombres,2013T4,1218.7
De 30 a 34 años,Activos,Hombres,2013T4,1653.1
De 35 a 39 años,Activos,Hombres,2013T4,1941.6
De 40 a 44 años,Activos,Hombres,2013T4,1833.5
De 45 a 49 años,Activos,Hombres,2013T4,1692.6
De 50 a 54 años,Activos,Hombres,2013T4,1462.9
De 55 a 59 años,Activos,Hombres,2013T4,1110.6
De 60 a 64 años,Activos,Hombres,2013T4,540.9
De 65 a 69 años,Activos,Hombres,2013T4,62
70 Y Más Años,Activos,Hombres,2013T3,18.8
De 16 a 19 años,Activos,Hombres,2013T3,177.7
De 20 a 24 años,Activos,Hombres,2013T3,769
De 25 a 29 años,Activos,Hombres,2013T3,1250.4
De 30 a 34 años,Activos,Hombres,2013T3,1668.3
De 35 a 39 años,Activos,Hombres,2013T3,1958.4
De 40 a 44 años,Activos,Hombres,2013T3,1826.3
De 45 a 49 años,Activos,Hombres,2013T3,1696.8
De 50 a 54 años,Activos,Hombres,2013T3,1455.1
De 55 a 59 años,Activos,Hombres,2013T3,1111.6
De 60 a 64 años,Activos,Hombres,2013T3,548.6
De 65 a 69 años,Activos,Hombres,2013T3,64.5
70 Y Más Años,Activos,Hombres,2013T2,20.1
De 16 a 19 años,Activos,Hombres,2013T2,165.7
De 20 a 24 años,Activos,Hombres,2013T2,753.5
De 25 a 29 años,Activos,Hombres,2013T2,1263.9
De 30 a 34 años,Activos,Hombres,2013T2,1697.5
De 35 a 39 años,Activos,Hombres,2013T2,1961.6
De 40 a 44 años,Activos,Hombres,2013T2,1824.2
De 45 a 49 años,Activos,Hombres,2013T2,1692.5
De 50 a 54 años,Activos,Hombres,2013T2,1450.6
De 55 a 59 años,Activos,Hombres,2013T2,1094.1
De 60 a 64 años,Activos,Hombres,2013T2,539.4
De 65 a 69 años,Activos,Hombres,2013T2,64.4
70 Y Más Años,Activos,Hombres,2013T1,19.7
De 16 a 19 años,Activos,Hombres,2013T1,163.8
De 20 a 24 años,Activos,Hombres,2013T1,755
De 25 a 29 años,Activos,Hombres,2013T1,1279
De 30 a 34 años,Activos,Hombres,2013T1,1736.8
De 35 a 39 años,Activos,Hombres,2013T1,1977.8
De 40 a 44 años,Activos,Hombres,2013T1,1831.6
De 45 a 49 años,Activos,Hombres,2013T1,1690.9
De 50 a 54 años,Activos,Hombres,2013T1,1448.9
De 55 a 59 años,Activos,Hombres,2013T1,1095.1
De 60 a 64 años,Activos,Hombres,2013T1,528.7
De 65 a 69 años,Activos,Hombres,2013T1,69.4
70 Y Más Años,Activos,Hombres,2012T4,21
De 16 a 19 años,Activos,Hombres,2012T4,147.9
De 20 a 24 años,Activos,Hombres,2012T4,765.8
De 25 a 29 años,Activos,Hombres,2012T4,1313.8
De 30 a 34 años,Activos,Hombres,2012T4,1772.6
De 35 a 39 años,Activos,Hombres,2012T4,1975.9
De 40 a 44 años,Activos,Hombres,2012T4,1828.7
De 45 a 49 años,Activos,Hombres,2012T4,1691.2
De 50 a 54 años,Activos,Hombres,2012T4,1428.8
De 55 a 59 años,Activos,Hombres,2012T4,1087.9
De 60 a 64 años,Activos,Hombres,2012T4,541.7
De 65 a 69 años,Activos,Hombres,2012T4,72.2
70 Y Más Años,Activos,Hombres,2012T3,22.7
De 16 a 19 años,Activos,Hombres,2012T3,189.4
De 20 a 24 años,Activos,Hombres,2012T3,816.1
De 25 a 29 años,Activos,Hombres,2012T3,1328
De 30 a 34 años,Activos,Hombres,2012T3,1797
De 35 a 39 años,Activos,Hombres,2012T3,1976.3
De 40 a 44 años,Activos,Hombres,2012T3,1826.7
De 45 a 49 años,Activos,Hombres,2012T3,1689
De 50 a 54 años,Activos,Hombres,2012T3,1438
De 55 a 59 años,Activos,Hombres,2012T3,1078.6
De 60 a 64 años,Activos,Hombres,2012T3,549.3
De 65 a 69 años,Activos,Hombres,2012T3,71.2
70 Y Más Años,Activos,Hombres,2012T2,25.3
De 16 a 19 años,Activos,Hombres,2012T2,182
De 20 a 24 años,Activos,Hombres,2012T2,775.9
De 25 a 29 años,Activos,Hombres,2012T2,1350
De 30 a 34 años,Activos,Hombres,2012T2,1827.3
De 35 a 39 años,Activos,Hombres,2012T2,1979.7
De 40 a 44 años,Activos,Hombres,2012T2,1836.8
De 45 a 49 años,Activos,Hombres,2012T2,1684.2
De 50 a 54 años,Activos,Hombres,2012T2,1432.9
De 55 a 59 años,Activos,Hombres,2012T2,1072.2
De 60 a 64 años,Activos,Hombres,2012T2,554.3
De 65 a 69 años,Activos,Hombres,2012T2,67
70 Y Más Años,Activos,Hombres,2012T1,22.2
De 16 a 19 años,Activos,Hombres,2012T1,166.5
De 20 a 24 años,Activos,Hombres,2012T1,777.9
De 25 a 29 años,Activos,Hombres,2012T1,1365.5
De 30 a 34 años,Activos,Hombres,2012T1,1841.8
De 35 a 39 años,Activos,Hombres,2012T1,1978.6
De 40 a 44 años,Activos,Hombres,2012T1,1834.3
De 45 a 49 años,Activos,Hombres,2012T1,1667.3
De 50 a 54 años,Activos,Hombres,2012T1,1420.3
De 55 a 59 años,Activos,Hombres,2012T1,1059.5
De 60 a 64 años,Activos,Hombres,2012T1,542.2
De 65 a 69 años,Activos,Hombres,2012T1,64.5
70 Y Más Años,Activos,Hombres,2011T4,24.5
De 16 a 19 años,Activos,Hombres,2011T4,172.8
De 20 a 24 años,Activos,Hombres,2011T4,804.4
De 25 a 29 años,Activos,Hombres,2011T4,1384.5
De 30 a 34 años,Activos,Hombres,2011T4,1866.9
De 35 a 39 años,Activos,Hombres,2011T4,1988.2
De 40 a 44 años,Activos,Hombres,2011T4,1835.8
De 45 a 49 años,Activos,Hombres,2011T4,1668.7
De 50 a 54 años,Activos,Hombres,2011T4,1415.8
De 55 a 59 años,Activos,Hombres,2011T4,1054.9
De 60 a 64 años,Activos,Hombres,2011T4,552.3
De 65 a 69 años,Activos,Hombres,2011T4,69.3
70 Y Más Años,Activos,Hombres,2011T3,24.5
De 16 a 19 años,Activos,Hombres,2011T3,225.3
De 20 a 24 años,Activos,Hombres,2011T3,845.8
De 25 a 29 años,Activos,Hombres,2011T3,1408.9
De 30 a 34 años,Activos,Hombres,2011T3,1887.2
De 35 a 39 años,Activos,Hombres,2011T3,1986.7
De 40 a 44 años,Activos,Hombres,2011T3,1827.5
De 45 a 49 años,Activos,Hombres,2011T3,1648.6
De 50 a 54 años,Activos,Hombres,2011T3,1407.6
De 55 a 59 años,Activos,Hombres,2011T3,1031.4
De 60 a 64 años,Activos,Hombres,2011T3,547.2
De 65 a 69 años,Activos,Hombres,2011T3,59.5
70 Y Más Años,Activos,Hombres,2011T2,24.5
De 16 a 19 años,Activos,Hombres,2011T2,195.6
De 20 a 24 años,Activos,Hombres,2011T2,829.8
De 25 a 29 años,Activos,Hombres,2011T2,1425
De 30 a 34 años,Activos,Hombres,2011T2,1901.2
De 35 a 39 años,Activos,Hombres,2011T2,1977.1
De 40 a 44 años,Activos,Hombres,2011T2,1826.5
De 45 a 49 años,Activos,Hombres,2011T2,1636.4
De 50 a 54 años,Activos,Hombres,2011T2,1395.5
De 55 a 59 años,Activos,Hombres,2011T2,1035.2
De 60 a 64 años,Activos,Hombres,2011T2,548.3
De 65 a 69 años,Activos,Hombres,2011T2,58.5
70 Y Más Años,Activos,Hombres,2011T1,26.4
De 16 a 19 años,Activos,Hombres,2011T1,193.6
De 20 a 24 años,Activos,Hombres,2011T1,831
De 25 a 29 años,Activos,Hombres,2011T1,1422.7
De 30 a 34 años,Activos,Hombres,2011T1,1925.4
De 35 a 39 años,Activos,Hombres,2011T1,1976
De 40 a 44 años,Activos,Hombres,2011T1,1819
De 45 a 49 años,Activos,Hombres,2011T1,1627.8
De 50 a 54 años,Activos,Hombres,2011T1,1388.1
De 55 a 59 años,Activos,Hombres,2011T1,1021.3
De 60 a 64 años,Activos,Hombres,2011T1,554.5
De 65 a 69 años,Activos,Hombres,2011T1,55.8
70 Y Más Años,Activos,Hombres,2010T4,27.3
De 16 a 19 años,Activos,Hombres,2010T4,197.7
De 20 a 24 años,Activos,Hombres,2010T4,861.7
De 25 a 29 años,Activos,Hombres,2010T4,1455.8
De 30 a 34 años,Activos,Hombres,2010T4,1944.9
De 35 a 39 años,Activos,Hombres,2010T4,1964.6
De 40 a 44 años,Activos,Hombres,2010T4,1817
De 45 a 49 años,Activos,Hombres,2010T4,1616
De 50 a 54 años,Activos,Hombres,2010T4,1375.2
De 55 a 59 años,Activos,Hombres,2010T4,1031.5
De 60 a 64 años,Activos,Hombres,2010T4,540.6
De 65 a 69 años,Activos,Hombres,2010T4,61.3
70 Y Más Años,Activos,Hombres,2010T3,26.2
De 16 a 19 años,Activos,Hombres,2010T3,237.2
De 20 a 24 años,Activos,Hombres,2010T3,904.1
De 25 a 29 años,Activos,Hombres,2010T3,1483.9
De 30 a 34 años,Activos,Hombres,2010T3,1955.4
De 35 a 39 años,Activos,Hombres,2010T3,1965
De 40 a 44 años,Activos,Hombres,2010T3,1810.4
De 45 a 49 años,Activos,Hombres,2010T3,1620.4
De 50 a 54 años,Activos,Hombres,2010T3,1358.5
De 55 a 59 años,Activos,Hombres,2010T3,1026.3
De 60 a 64 años,Activos,Hombres,2010T3,547.3
De 65 a 69 años,Activos,Hombres,2010T3,64.6
70 Y Más Años,Activos,Hombres,2010T2,25.6
De 16 a 19 años,Activos,Hombres,2010T2,245.5
De 20 a 24 años,Activos,Hombres,2010T2,898.1
De 25 a 29 años,Activos,Hombres,2010T2,1497.7
De 30 a 34 años,Activos,Hombres,2010T2,1976.3
De 35 a 39 años,Activos,Hombres,2010T2,1955.4
De 40 a 44 años,Activos,Hombres,2010T2,1818.5
De 45 a 49 años,Activos,Hombres,2010T2,1614.7
De 50 a 54 años,Activos,Hombres,2010T2,1353.1
De 55 a 59 años,Activos,Hombres,2010T2,1014.6
De 60 a 64 años,Activos,Hombres,2010T2,551.4
De 65 a 69 años,Activos,Hombres,2010T2,65
70 Y Más Años,Activos,Hombres,2010T1,22.4
De 16 a 19 años,Activos,Hombres,2010T1,237.5
De 20 a 24 años,Activos,Hombres,2010T1,881.7
De 25 a 29 años,Activos,Hombres,2010T1,1530.1
De 30 a 34 años,Activos,Hombres,2010T1,1982.3
De 35 a 39 años,Activos,Hombres,2010T1,1938.3
De 40 a 44 años,Activos,Hombres,2010T1,1797.1
De 45 a 49 años,Activos,Hombres,2010T1,1606.7
De 50 a 54 años,Activos,Hombres,2010T1,1329.9
De 55 a 59 años,Activos,Hombres,2010T1,991.6
De 60 a 64 años,Activos,Hombres,2010T1,546.7
De 65 a 69 años,Activos,Hombres,2010T1,64.2
70 Y Más Años,Activos,Mujeres,2020T3,18.4
De 16 a 19 años,Activos,Mujeres,2020T3,105
De 20 a 24 años,Activos,Mujeres,2020T3,588
De 25 a 29 años,Activos,Mujeres,2020T3,1028.2
De 30 a 34 años,Activos,Mujeres,2020T3,1154.1
De 35 a 39 años,Activos,Mujeres,2020T3,1348.9
De 40 a 44 años,Activos,Mujeres,2020T3,1620.8
De 45 a 49 años,Activos,Mujeres,2020T3,1565
De 50 a 54 años,Activos,Mujeres,2020T3,1367.6
De 55 a 59 años,Activos,Mujeres,2020T3,1141.2
De 60 a 64 años,Activos,Mujeres,2020T3,656.5
De 65 a 69 años,Activos,Mujeres,2020T3,94.5
70 Y Más Años,Activos,Mujeres,2020T2,19.2
De 16 a 19 años,Activos,Mujeres,2020T2,75.1
De 20 a 24 años,Activos,Mujeres,2020T2,490.6
De 25 a 29 años,Activos,Mujeres,2020T2,953.5
De 30 a 34 años,Activos,Mujeres,2020T2,1082.4
De 35 a 39 años,Activos,Mujeres,2020T2,1305.2
De 40 a 44 años,Activos,Mujeres,2020T2,1570.6
De 45 a 49 años,Activos,Mujeres,2020T2,1498.3
De 50 a 54 años,Activos,Mujeres,2020T2,1348.9
De 55 a 59 años,Activos,Mujeres,2020T2,1111.3
De 60 a 64 años,Activos,Mujeres,2020T2,633.9
De 65 a 69 años,Activos,Mujeres,2020T2,85.6
70 Y Más Años,Activos,Mujeres,2020T1,22.5
De 16 a 19 años,Activos,Mujeres,2020T1,91.6
De 20 a 24 años,Activos,Mujeres,2020T1,561.6
De 25 a 29 años,Activos,Mujeres,2020T1,1011.6
De 30 a 34 años,Activos,Mujeres,2020T1,1154.2
De 35 a 39 años,Activos,Mujeres,2020T1,1405.5
De 40 a 44 años,Activos,Mujeres,2020T1,1660.7
De 45 a 49 años,Activos,Mujeres,2020T1,1565.5
De 50 a 54 años,Activos,Mujeres,2020T1,1403.2
De 55 a 59 años,Activos,Mujeres,2020T1,1160.9
De 60 a 64 años,Activos,Mujeres,2020T1,650.3
De 65 a 69 años,Activos,Mujeres,2020T1,81.3
70 Y Más Años,Activos,Mujeres,2019T4,18.4
De 16 a 19 años,Activos,Mujeres,2019T4,106.6
De 20 a 24 años,Activos,Mujeres,2019T4,571.5
De 25 a 29 años,Activos,Mujeres,2019T4,1019.1
De 30 a 34 años,Activos,Mujeres,2019T4,1173.3
De 35 a 39 años,Activos,Mujeres,2019T4,1433.3
De 40 a 44 años,Activos,Mujeres,2019T4,1678.9
De 45 a 49 años,Activos,Mujeres,2019T4,1556.9
De 50 a 54 años,Activos,Mujeres,2019T4,1432.4
De 55 a 59 años,Activos,Mujeres,2019T4,1142.1
De 60 a 64 años,Activos,Mujeres,2019T4,636.4
De 65 a 69 años,Activos,Mujeres,2019T4,75.1
70 Y Más Años,Activos,Mujeres,2019T3,18.5
De 16 a 19 años,Activos,Mujeres,2019T3,133.5
De 20 a 24 años,Activos,Mujeres,2019T3,613.4
De 25 a 29 años,Activos,Mujeres,2019T3,1017.4
De 30 a 34 años,Activos,Mujeres,2019T3,1173.2
De 35 a 39 años,Activos,Mujeres,2019T3,1419.7
De 40 a 44 años,Activos,Mujeres,2019T3,1665.7
De 45 a 49 años,Activos,Mujeres,2019T3,1539.9
De 50 a 54 años,Activos,Mujeres,2019T3,1403.9
De 55 a 59 años,Activos,Mujeres,2019T3,1095.8
De 60 a 64 años,Activos,Mujeres,2019T3,603.8
De 65 a 69 años,Activos,Mujeres,2019T3,78.9
70 Y Más Años,Activos,Mujeres,2019T2,19.6
De 16 a 19 años,Activos,Mujeres,2019T2,118.9
De 20 a 24 años,Activos,Mujeres,2019T2,573.4
De 25 a 29 años,Activos,Mujeres,2019T2,1003.8
De 30 a 34 años,Activos,Mujeres,2019T2,1193.4
De 35 a 39 años,Activos,Mujeres,2019T2,1434.8
De 40 a 44 años,Activos,Mujeres,2019T2,1661.9
De 45 a 49 años,Activos,Mujeres,2019T2,1556.5
De 50 a 54 años,Activos,Mujeres,2019T2,1404.1
De 55 a 59 años,Activos,Mujeres,2019T2,1102.5
De 60 a 64 años,Activos,Mujeres,2019T2,603.4
De 65 a 69 años,Activos,Mujeres,2019T2,79
70 Y Más Años,Activos,Mujeres,2019T1,17
De 16 a 19 años,Activos,Mujeres,2019T1,109.3
De 20 a 24 años,Activos,Mujeres,2019T1,565
De 25 a 29 años,Activos,Mujeres,2019T1,988.2
De 30 a 34 años,Activos,Mujeres,2019T1,1180.4
De 35 a 39 años,Activos,Mujeres,2019T1,1454.7
De 40 a 44 años,Activos,Mujeres,2019T1,1663
De 45 a 49 años,Activos,Mujeres,2019T1,1544.7
De 50 a 54 años,Activos,Mujeres,2019T1,1387.6
De 55 a 59 años,Activos,Mujeres,2019T1,1090.9
De 60 a 64 años,Activos,Mujeres,2019T1,582.3
De 65 a 69 años,Activos,Mujeres,2019T1,72.6
70 Y Más Años,Activos,Mujeres,2018T4,16.6
De 16 a 19 años,Activos,Mujeres,2018T4,111.9
De 20 a 24 años,Activos,Mujeres,2018T4,580.1
De 25 a 29 años,Activos,Mujeres,2018T4,996.9
De 30 a 34 años,Activos,Mujeres,2018T4,1189.4
De 35 a 39 años,Activos,Mujeres,2018T4,1459.3
De 40 a 44 años,Activos,Mujeres,2018T4,1674.9
De 45 a 49 años,Activos,Mujeres,2018T4,1520.3
De 50 a 54 años,Activos,Mujeres,2018T4,1365.9
De 55 a 59 años,Activos,Mujeres,2018T4,1080.5
De 60 a 64 años,Activos,Mujeres,2018T4,571.9
De 65 a 69 años,Activos,Mujeres,2018T4,73.8
70 Y Más Años,Activos,Mujeres,2018T3,14.4
De 16 a 19 años,Activos,Mujeres,2018T3,131.4
De 20 a 24 años,Activos,Mujeres,2018T3,595.1
De 25 a 29 años,Activos,Mujeres,2018T3,1010.2
De 30 a 34 años,Activos,Mujeres,2018T3,1194.1
De 35 a 39 años,Activos,Mujeres,2018T3,1446.8
De 40 a 44 años,Activos,Mujeres,2018T3,1660.5
De 45 a 49 años,Activos,Mujeres,2018T3,1500.8
De 50 a 54 años,Activos,Mujeres,2018T3,1348.6
De 55 a 59 años,Activos,Mujeres,2018T3,1057.4
De 60 a 64 años,Activos,Mujeres,2018T3,551.3
De 65 a 69 años,Activos,Mujeres,2018T3,71.3
70 Y Más Años,Activos,Mujeres,2018T2,15.3
De 16 a 19 años,Activos,Mujeres,2018T2,116.4
De 20 a 24 años,Activos,Mujeres,2018T2,570.7
De 25 a 29 años,Activos,Mujeres,2018T2,1031.4
De 30 a 34 años,Activos,Mujeres,2018T2,1201.6
De 35 a 39 años,Activos,Mujeres,2018T2,1489.8
De 40 a 44 años,Activos,Mujeres,2018T2,1655.6
De 45 a 49 años,Activos,Mujeres,2018T2,1524.8
De 50 a 54 años,Activos,Mujeres,2018T2,1353.1
De 55 a 59 años,Activos,Mujeres,2018T2,1055.9
De 60 a 64 años,Activos,Mujeres,2018T2,551.9
De 65 a 69 años,Activos,Mujeres,2018T2,65.3
70 Y Más Años,Activos,Mujeres,2018T1,16.4
De 16 a 19 años,Activos,Mujeres,2018T1,101.7
De 20 a 24 años,Activos,Mujeres,2018T1,542.1
De 25 a 29 años,Activos,Mujeres,2018T1,1027.1
De 30 a 34 años,Activos,Mujeres,2018T1,1179.6
De 35 a 39 años,Activos,Mujeres,2018T1,1503.5
De 40 a 44 años,Activos,Mujeres,2018T1,1672
De 45 a 49 años,Activos,Mujeres,2018T1,1511
De 50 a 54 años,Activos,Mujeres,2018T1,1342
De 55 a 59 años,Activos,Mujeres,2018T1,1051.1
De 60 a 64 años,Activos,Mujeres,2018T1,542.1
De 65 a 69 años,Activos,Mujeres,2018T1,56.9
70 Y Más Años,Activos,Mujeres,2017T4,16.7
De 16 a 19 años,Activos,Mujeres,2017T4,110.6
De 20 a 24 años,Activos,Mujeres,2017T4,589.3
De 25 a 29 años,Activos,Mujeres,2017T4,1022.8
De 30 a 34 años,Activos,Mujeres,2017T4,1213.2
De 35 a 39 años,Activos,Mujeres,2017T4,1527
De 40 a 44 años,Activos,Mujeres,2017T4,1657.4
De 45 a 49 años,Activos,Mujeres,2017T4,1500.5
De 50 a 54 años,Activos,Mujeres,2017T4,1341.7
De 55 a 59 años,Activos,Mujeres,2017T4,1030.2
De 60 a 64 años,Activos,Mujeres,2017T4,535.7
De 65 a 69 años,Activos,Mujeres,2017T4,60.2
70 Y Más Años,Activos,Mujeres,2017T3,17.7
De 16 a 19 años,Activos,Mujeres,2017T3,123.2
De 20 a 24 años,Activos,Mujeres,2017T3,610.5
De 25 a 29 años,Activos,Mujeres,2017T3,1034.5
De 30 a 34 años,Activos,Mujeres,2017T3,1203.9
De 35 a 39 años,Activos,Mujeres,2017T3,1533.2
De 40 a 44 años,Activos,Mujeres,2017T3,1636.5
De 45 a 49 años,Activos,Mujeres,2017T3,1483.5
De 50 a 54 años,Activos,Mujeres,2017T3,1309.4
De 55 a 59 años,Activos,Mujeres,2017T3,1005.1
De 60 a 64 años,Activos,Mujeres,2017T3,532.8
De 65 a 69 años,Activos,Mujeres,2017T3,59.4
70 Y Más Años,Activos,Mujeres,2017T2,17.4
De 16 a 19 años,Activos,Mujeres,2017T2,104.8
De 20 a 24 años,Activos,Mujeres,2017T2,578.6
De 25 a 29 años,Activos,Mujeres,2017T2,1040.1
De 30 a 34 años,Activos,Mujeres,2017T2,1227.7
De 35 a 39 años,Activos,Mujeres,2017T2,1549
De 40 a 44 años,Activos,Mujeres,2017T2,1663.4
De 45 a 49 años,Activos,Mujeres,2017T2,1476.5
De 50 a 54 años,Activos,Mujeres,2017T2,1310.2
De 55 a 59 años,Activos,Mujeres,2017T2,1014.4
De 60 a 64 años,Activos,Mujeres,2017T2,528.8
De 65 a 69 años,Activos,Mujeres,2017T2,58.5
70 Y Más Años,Activos,Mujeres,2017T1,14.9
De 16 a 19 años,Activos,Mujeres,2017T1,89.9
De 20 a 24 años,Activos,Mujeres,2017T1,560.1
De 25 a 29 años,Activos,Mujeres,2017T1,1027.5
De 30 a 34 años,Activos,Mujeres,2017T1,1246.3
De 35 a 39 años,Activos,Mujeres,2017T1,1570.8
De 40 a 44 años,Activos,Mujeres,2017T1,1660.5
De 45 a 49 años,Activos,Mujeres,2017T1,1493.5
De 50 a 54 años,Activos,Mujeres,2017T1,1312.3
De 55 a 59 años,Activos,Mujeres,2017T1,1007
De 60 a 64 años,Activos,Mujeres,2017T1,515.7
De 65 a 69 años,Activos,Mujeres,2017T1,55.7
70 Y Más Años,Activos,Mujeres,2016T4,14.2
De 16 a 19 años,Activos,Mujeres,2016T4,101.1
De 20 a 24 años,Activos,Mujeres,2016T4,555.9
De 25 a 29 años,Activos,Mujeres,2016T4,1037.2
De 30 a 34 años,Activos,Mujeres,2016T4,1259.6
De 35 a 39 años,Activos,Mujeres,2016T4,1588.9
De 40 a 44 años,Activos,Mujeres,2016T4,1646.2
De 45 a 49 años,Activos,Mujeres,2016T4,1494.6
De 50 a 54 años,Activos,Mujeres,2016T4,1302
De 55 a 59 años,Activos,Mujeres,2016T4,1006.7
De 60 a 64 años,Activos,Mujeres,2016T4,516.4
De 65 a 69 años,Activos,Mujeres,2016T4,56.2
70 Y Más Años,Activos,Mujeres,2016T3,11.6
De 16 a 19 años,Activos,Mujeres,2016T3,116.5
De 20 a 24 años,Activos,Mujeres,2016T3,607
De 25 a 29 años,Activos,Mujeres,2016T3,1045.9
De 30 a 34 años,Activos,Mujeres,2016T3,1278.2
De 35 a 39 años,Activos,Mujeres,2016T3,1592.1
De 40 a 44 años,Activos,Mujeres,2016T3,1633.4
De 45 a 49 años,Activos,Mujeres,2016T3,1474.5
De 50 a 54 años,Activos,Mujeres,2016T3,1272
De 55 a 59 años,Activos,Mujeres,2016T3,1003.5
De 60 a 64 años,Activos,Mujeres,2016T3,510.8
De 65 a 69 años,Activos,Mujeres,2016T3,60.7
70 Y Más Años,Activos,Mujeres,2016T2,14.8
De 16 a 19 años,Activos,Mujeres,2016T2,96.6
De 20 a 24 años,Activos,Mujeres,2016T2,587.7
De 25 a 29 años,Activos,Mujeres,2016T2,1046.7
De 30 a 34 años,Activos,Mujeres,2016T2,1301.3
De 35 a 39 años,Activos,Mujeres,2016T2,1636.8
De 40 a 44 años,Activos,Mujeres,2016T2,1637.7
De 45 a 49 años,Activos,Mujeres,2016T2,1490.5
De 50 a 54 años,Activos,Mujeres,2016T2,1294.1
De 55 a 59 años,Activos,Mujeres,2016T2,978.4
De 60 a 64 años,Activos,Mujeres,2016T2,509
De 65 a 69 años,Activos,Mujeres,2016T2,61.2
70 Y Más Años,Activos,Mujeres,2016T1,13
De 16 a 19 años,Activos,Mujeres,2016T1,92.8
De 20 a 24 años,Activos,Mujeres,2016T1,567.1
De 25 a 29 años,Activos,Mujeres,2016T1,1047.5
De 30 a 34 años,Activos,Mujeres,2016T1,1323.4
De 35 a 39 años,Activos,Mujeres,2016T1,1638
De 40 a 44 años,Activos,Mujeres,2016T1,1618.9
De 45 a 49 años,Activos,Mujeres,2016T1,1477
De 50 a 54 años,Activos,Mujeres,2016T1,1278.8
De 55 a 59 años,Activos,Mujeres,2016T1,981.9
De 60 a 64 años,Activos,Mujeres,2016T1,498.8
De 65 a 69 años,Activos,Mujeres,2016T1,58.4
70 Y Más Años,Activos,Mujeres,2015T4,13.6
De 16 a 19 años,Activos,Mujeres,2015T4,99.6
De 20 a 24 años,Activos,Mujeres,2015T4,584.5
De 25 a 29 años,Activos,Mujeres,2015T4,1062.1
De 30 a 34 años,Activos,Mujeres,2015T4,1343.9
De 35 a 39 años,Activos,Mujeres,2015T4,1652.3
De 40 a 44 años,Activos,Mujeres,2015T4,1599.7
De 45 a 49 años,Activos,Mujeres,2015T4,1474
De 50 a 54 años,Activos,Mujeres,2015T4,1272.9
De 55 a 59 años,Activos,Mujeres,2015T4,968.5
De 60 a 64 años,Activos,Mujeres,2015T4,490.9
De 65 a 69 años,Activos,Mujeres,2015T4,60.8
70 Y Más Años,Activos,Mujeres,2015T3,11.7
De 16 a 19 años,Activos,Mujeres,2015T3,123
De 20 a 24 años,Activos,Mujeres,2015T3,647.2
De 25 a 29 años,Activos,Mujeres,2015T3,1063
De 30 a 34 años,Activos,Mujeres,2015T3,1355
De 35 a 39 años,Activos,Mujeres,2015T3,1633.6
De 40 a 44 años,Activos,Mujeres,2015T3,1554.9
De 45 a 49 años,Activos,Mujeres,2015T3,1454.7
De 50 a 54 años,Activos,Mujeres,2015T3,1246.6
De 55 a 59 años,Activos,Mujeres,2015T3,932.7
De 60 a 64 años,Activos,Mujeres,2015T3,460.5
De 65 a 69 años,Activos,Mujeres,2015T3,61.2
70 Y Más Años,Activos,Mujeres,2015T2,10.5
De 16 a 19 años,Activos,Mujeres,2015T2,109
De 20 a 24 años,Activos,Mujeres,2015T2,625.6
De 25 a 29 años,Activos,Mujeres,2015T2,1080.4
De 30 a 34 años,Activos,Mujeres,2015T2,1405.2
De 35 a 39 años,Activos,Mujeres,2015T2,1658.5
De 40 a 44 años,Activos,Mujeres,2015T2,1607.6
De 45 a 49 años,Activos,Mujeres,2015T2,1460.5
De 50 a 54 años,Activos,Mujeres,2015T2,1277.5
De 55 a 59 años,Activos,Mujeres,2015T2,920
De 60 a 64 años,Activos,Mujeres,2015T2,459.3
De 65 a 69 años,Activos,Mujeres,2015T2,51.5
70 Y Más Años,Activos,Mujeres,2015T1,10.4
De 16 a 19 años,Activos,Mujeres,2015T1,104.6
De 20 a 24 años,Activos,Mujeres,2015T1,597.5
De 25 a 29 años,Activos,Mujeres,2015T1,1090.2
De 30 a 34 años,Activos,Mujeres,2015T1,1425
De 35 a 39 años,Activos,Mujeres,2015T1,1651.9
De 40 a 44 años,Activos,Mujeres,2015T1,1590.5
De 45 a 49 años,Activos,Mujeres,2015T1,1453.6
De 50 a 54 años,Activos,Mujeres,2015T1,1254
De 55 a 59 años,Activos,Mujeres,2015T1,912.8
De 60 a 64 años,Activos,Mujeres,2015T1,438.4
De 65 a 69 años,Activos,Mujeres,2015T1,48.1
70 Y Más Años,Activos,Mujeres,2014T4,13.4
De 16 a 19 años,Activos,Mujeres,2014T4,114.1
De 20 a 24 años,Activos,Mujeres,2014T4,627.9
De 25 a 29 años,Activos,Mujeres,2014T4,1109.9
De 30 a 34 años,Activos,Mujeres,2014T4,1430.8
De 35 a 39 años,Activos,Mujeres,2014T4,1670.5
De 40 a 44 años,Activos,Mujeres,2014T4,1595.3
De 45 a 49 años,Activos,Mujeres,2014T4,1442.3
De 50 a 54 años,Activos,Mujeres,2014T4,1263.1
De 55 a 59 años,Activos,Mujeres,2014T4,893.8
De 60 a 64 años,Activos,Mujeres,2014T4,436.3
De 65 a 69 años,Activos,Mujeres,2014T4,47.4
70 Y Más Años,Activos,Mujeres,2014T3,13.9
De 16 a 19 años,Activos,Mujeres,2014T3,123.5
De 20 a 24 años,Activos,Mujeres,2014T3,642.4
De 25 a 29 años,Activos,Mujeres,2014T3,1124
De 30 a 34 años,Activos,Mujeres,2014T3,1434.9
De 35 a 39 años,Activos,Mujeres,2014T3,1663.2
De 40 a 44 años,Activos,Mujeres,2014T3,1557.9
De 45 a 49 años,Activos,Mujeres,2014T3,1424.9
De 50 a 54 años,Activos,Mujeres,2014T3,1213.1
De 55 a 59 años,Activos,Mujeres,2014T3,869.7
De 60 a 64 años,Activos,Mujeres,2014T3,418.8
De 65 a 69 años,Activos,Mujeres,2014T3,46.1
70 Y Más Años,Activos,Mujeres,2014T2,12.2
De 16 a 19 años,Activos,Mujeres,2014T2,100.8
De 20 a 24 años,Activos,Mujeres,2014T2,630.1
De 25 a 29 años,Activos,Mujeres,2014T2,1138
De 30 a 34 años,Activos,Mujeres,2014T2,1465
De 35 a 39 años,Activos,Mujeres,2014T2,1680.7
De 40 a 44 años,Activos,Mujeres,2014T2,1563.6
De 45 a 49 años,Activos,Mujeres,2014T2,1453.9
De 50 a 54 años,Activos,Mujeres,2014T2,1222.8
De 55 a 59 años,Activos,Mujeres,2014T2,863.5
De 60 a 64 años,Activos,Mujeres,2014T2,429.3
De 65 a 69 años,Activos,Mujeres,2014T2,42.9
70 Y Más Años,Activos,Mujeres,2014T1,11
De 16 a 19 años,Activos,Mujeres,2014T1,103.1
De 20 a 24 años,Activos,Mujeres,2014T1,637
De 25 a 29 años,Activos,Mujeres,2014T1,1148.7
De 30 a 34 años,Activos,Mujeres,2014T1,1499.3
De 35 a 39 años,Activos,Mujeres,2014T1,1686.4
De 40 a 44 años,Activos,Mujeres,2014T1,1556.4
De 45 a 49 años,Activos,Mujeres,2014T1,1433.7
De 50 a 54 años,Activos,Mujeres,2014T1,1210.1
De 55 a 59 años,Activos,Mujeres,2014T1,850.7
De 60 a 64 años,Activos,Mujeres,2014T1,418.7
De 65 a 69 años,Activos,Mujeres,2014T1,46.7
70 Y Más Años,Activos,Mujeres,2013T4,11.9
De 16 a 19 años,Activos,Mujeres,2013T4,115.1
De 20 a 24 años,Activos,Mujeres,2013T4,656
De 25 a 29 años,Activos,Mujeres,2013T4,1168.4
De 30 a 34 años,Activos,Mujeres,2013T4,1505.6
De 35 a 39 años,Activos,Mujeres,2013T4,1688
De 40 a 44 años,Activos,Mujeres,2013T4,1575.6
De 45 a 49 años,Activos,Mujeres,2013T4,1427.5
De 50 a 54 años,Activos,Mujeres,2013T4,1201.2
De 55 a 59 años,Activos,Mujeres,2013T4,850.9
De 60 a 64 años,Activos,Mujeres,2013T4,404.2
De 65 a 69 años,Activos,Mujeres,2013T4,50.8
70 Y Más Años,Activos,Mujeres,2013T3,13.8
De 16 a 19 años,Activos,Mujeres,2013T3,145
De 20 a 24 años,Activos,Mujeres,2013T3,684.5
De 25 a 29 años,Activos,Mujeres,2013T3,1186.1
De 30 a 34 años,Activos,Mujeres,2013T3,1510.1
De 35 a 39 años,Activos,Mujeres,2013T3,1661.4
De 40 a 44 años,Activos,Mujeres,2013T3,1542.7
De 45 a 49 años,Activos,Mujeres,2013T3,1423.8
De 50 a 54 años,Activos,Mujeres,2013T3,1185.1
De 55 a 59 años,Activos,Mujeres,2013T3,824.7
De 60 a 64 años,Activos,Mujeres,2013T3,403.1
De 65 a 69 años,Activos,Mujeres,2013T3,47.3
70 Y Más Años,Activos,Mujeres,2013T2,16.1
De 16 a 19 años,Activos,Mujeres,2013T2,115.2
De 20 a 24 años,Activos,Mujeres,2013T2,671.6
De 25 a 29 años,Activos,Mujeres,2013T2,1178.6
De 30 a 34 años,Activos,Mujeres,2013T2,1548.4
De 35 a 39 años,Activos,Mujeres,2013T2,1693.5
De 40 a 44 años,Activos,Mujeres,2013T2,1551.3
De 45 a 49 años,Activos,Mujeres,2013T2,1458.1
De 50 a 54 años,Activos,Mujeres,2013T2,1179.2
De 55 a 59 años,Activos,Mujeres,2013T2,834.6
De 60 a 64 años,Activos,Mujeres,2013T2,385.2
De 65 a 69 años,Activos,Mujeres,2013T2,48.5
70 Y Más Años,Activos,Mujeres,2013T1,14.2
De 16 a 19 años,Activos,Mujeres,2013T1,109.7
De 20 a 24 años,Activos,Mujeres,2013T1,694.5
De 25 a 29 años,Activos,Mujeres,2013T1,1213.2
De 30 a 34 años,Activos,Mujeres,2013T1,1569
De 35 a 39 años,Activos,Mujeres,2013T1,1700.9
De 40 a 44 años,Activos,Mujeres,2013T1,1540
De 45 a 49 años,Activos,Mujeres,2013T1,1438.5
De 50 a 54 años,Activos,Mujeres,2013T1,1179.3
De 55 a 59 años,Activos,Mujeres,2013T1,809.4
De 60 a 64 años,Activos,Mujeres,2013T1,395.8
De 65 a 69 años,Activos,Mujeres,2013T1,47.2
70 Y Más Años,Activos,Mujeres,2012T4,15.2
De 16 a 19 años,Activos,Mujeres,2012T4,115
De 20 a 24 años,Activos,Mujeres,2012T4,695.8
De 25 a 29 años,Activos,Mujeres,2012T4,1223.3
De 30 a 34 años,Activos,Mujeres,2012T4,1574.6
De 35 a 39 años,Activos,Mujeres,2012T4,1701.6
De 40 a 44 años,Activos,Mujeres,2012T4,1543.3
De 45 a 49 años,Activos,Mujeres,2012T4,1441.5
De 50 a 54 años,Activos,Mujeres,2012T4,1163.8
De 55 a 59 años,Activos,Mujeres,2012T4,795.2
De 60 a 64 años,Activos,Mujeres,2012T4,389
De 65 a 69 años,Activos,Mujeres,2012T4,54.4
70 Y Más Años,Activos,Mujeres,2012T3,20.5
De 16 a 19 años,Activos,Mujeres,2012T3,147.9
De 20 a 24 años,Activos,Mujeres,2012T3,733.5
De 25 a 29 años,Activos,Mujeres,2012T3,1241.8
De 30 a 34 años,Activos,Mujeres,2012T3,1577
De 35 a 39 años,Activos,Mujeres,2012T3,1673.5
De 40 a 44 años,Activos,Mujeres,2012T3,1522.4
De 45 a 49 años,Activos,Mujeres,2012T3,1402.8
De 50 a 54 años,Activos,Mujeres,2012T3,1146.9
De 55 a 59 años,Activos,Mujeres,2012T3,795.7
De 60 a 64 años,Activos,Mujeres,2012T3,394.1
De 65 a 69 años,Activos,Mujeres,2012T3,53.4
70 Y Más Años,Activos,Mujeres,2012T2,18.6
De 16 a 19 años,Activos,Mujeres,2012T2,141.2
De 20 a 24 años,Activos,Mujeres,2012T2,725.6
De 25 a 29 años,Activos,Mujeres,2012T2,1256.8
De 30 a 34 años,Activos,Mujeres,2012T2,1593.1
De 35 a 39 años,Activos,Mujeres,2012T2,1676.8
De 40 a 44 años,Activos,Mujeres,2012T2,1519.9
De 45 a 49 años,Activos,Mujeres,2012T2,1404.4
De 50 a 54 años,Activos,Mujeres,2012T2,1137
De 55 a 59 años,Activos,Mujeres,2012T2,778.5
De 60 a 64 años,Activos,Mujeres,2012T2,397.2
De 65 a 69 años,Activos,Mujeres,2012T2,52.7
70 Y Más Años,Activos,Mujeres,2012T1,19.9
De 16 a 19 años,Activos,Mujeres,2012T1,134
De 20 a 24 años,Activos,Mujeres,2012T1,721.1
De 25 a 29 años,Activos,Mujeres,2012T1,1262.2
De 30 a 34 años,Activos,Mujeres,2012T1,1608.1
De 35 a 39 años,Activos,Mujeres,2012T1,1685.8
De 40 a 44 años,Activos,Mujeres,2012T1,1533.2
De 45 a 49 años,Activos,Mujeres,2012T1,1397.1
De 50 a 54 años,Activos,Mujeres,2012T1,1150
De 55 a 59 años,Activos,Mujeres,2012T1,756.4
De 60 a 64 años,Activos,Mujeres,2012T1,376.1
De 65 a 69 años,Activos,Mujeres,2012T1,48.5
70 Y Más Años,Activos,Mujeres,2011T4,17.9
De 16 a 19 años,Activos,Mujeres,2011T4,128
De 20 a 24 años,Activos,Mujeres,2011T4,738.4
De 25 a 29 años,Activos,Mujeres,2011T4,1282.3
De 30 a 34 años,Activos,Mujeres,2011T4,1618.4
De 35 a 39 años,Activos,Mujeres,2011T4,1660.2
De 40 a 44 años,Activos,Mujeres,2011T4,1503.6
De 45 a 49 años,Activos,Mujeres,2011T4,1371.5
De 50 a 54 años,Activos,Mujeres,2011T4,1108
De 55 a 59 años,Activos,Mujeres,2011T4,741.9
De 60 a 64 años,Activos,Mujeres,2011T4,379
De 65 a 69 años,Activos,Mujeres,2011T4,53
70 Y Más Años,Activos,Mujeres,2011T3,18.5
De 16 a 19 años,Activos,Mujeres,2011T3,169
De 20 a 24 años,Activos,Mujeres,2011T3,787.5
De 25 a 29 años,Activos,Mujeres,2011T3,1290.9
De 30 a 34 años,Activos,Mujeres,2011T3,1615.6
De 35 a 39 años,Activos,Mujeres,2011T3,1629.8
De 40 a 44 años,Activos,Mujeres,2011T3,1481.4
De 45 a 49 años,Activos,Mujeres,2011T3,1331.8
De 50 a 54 años,Activos,Mujeres,2011T3,1095.9
De 55 a 59 años,Activos,Mujeres,2011T3,730.2
De 60 a 64 años,Activos,Mujeres,2011T3,385.9
De 65 a 69 años,Activos,Mujeres,2011T3,45.7
70 Y Más Años,Activos,Mujeres,2011T2,15.8
De 16 a 19 años,Activos,Mujeres,2011T2,157.3
De 20 a 24 años,Activos,Mujeres,2011T2,762.7
De 25 a 29 años,Activos,Mujeres,2011T2,1313.4
De 30 a 34 años,Activos,Mujeres,2011T2,1665.6
De 35 a 39 años,Activos,Mujeres,2011T2,1640.2
De 40 a 44 años,Activos,Mujeres,2011T2,1476.9
De 45 a 49 años,Activos,Mujeres,2011T2,1346.4
De 50 a 54 años,Activos,Mujeres,2011T2,1094.8
De 55 a 59 años,Activos,Mujeres,2011T2,719.9
De 60 a 64 años,Activos,Mujeres,2011T2,369.7
De 65 a 69 años,Activos,Mujeres,2011T2,50
70 Y Más Años,Activos,Mujeres,2011T1,17.9
De 16 a 19 años,Activos,Mujeres,2011T1,137.8
De 20 a 24 años,Activos,Mujeres,2011T1,764.4
De 25 a 29 años,Activos,Mujeres,2011T1,1321.1
De 30 a 34 años,Activos,Mujeres,2011T1,1650.9
De 35 a 39 años,Activos,Mujeres,2011T1,1630.8
De 40 a 44 años,Activos,Mujeres,2011T1,1470.4
De 45 a 49 años,Activos,Mujeres,2011T1,1344.5
De 50 a 54 años,Activos,Mujeres,2011T1,1071
De 55 a 59 años,Activos,Mujeres,2011T1,693.1
De 60 a 64 años,Activos,Mujeres,2011T1,351.1
De 65 a 69 años,Activos,Mujeres,2011T1,52.7
70 Y Más Años,Activos,Mujeres,2010T4,16.4
De 16 a 19 años,Activos,Mujeres,2010T4,146.6
De 20 a 24 años,Activos,Mujeres,2010T4,775.5
De 25 a 29 años,Activos,Mujeres,2010T4,1353
De 30 a 34 años,Activos,Mujeres,2010T4,1656.1
De 35 a 39 años,Activos,Mujeres,2010T4,1613.6
De 40 a 44 años,Activos,Mujeres,2010T4,1457.3
De 45 a 49 años,Activos,Mujeres,2010T4,1326.6
De 50 a 54 años,Activos,Mujeres,2010T4,1064.3
De 55 a 59 años,Activos,Mujeres,2010T4,665.9
De 60 a 64 años,Activos,Mujeres,2010T4,356
De 65 a 69 años,Activos,Mujeres,2010T4,52.3
70 Y Más Años,Activos,Mujeres,2010T3,15.1
De 16 a 19 años,Activos,Mujeres,2010T3,172.6
De 20 a 24 años,Activos,Mujeres,2010T3,820.3
De 25 a 29 años,Activos,Mujeres,2010T3,1370.2
De 30 a 34 años,Activos,Mujeres,2010T3,1655.4
De 35 a 39 años,Activos,Mujeres,2010T3,1580.1
De 40 a 44 años,Activos,Mujeres,2010T3,1415.7
De 45 a 49 años,Activos,Mujeres,2010T3,1298.5
De 50 a 54 años,Activos,Mujeres,2010T3,1036
De 55 a 59 años,Activos,Mujeres,2010T3,651.3
De 60 a 64 años,Activos,Mujeres,2010T3,342.3
De 65 a 69 años,Activos,Mujeres,2010T3,47.7
70 Y Más Años,Activos,Mujeres,2010T2,16.7
De 16 a 19 años,Activos,Mujeres,2010T2,171.5
De 20 a 24 años,Activos,Mujeres,2010T2,779
De 25 a 29 años,Activos,Mujeres,2010T2,1380.4
De 30 a 34 años,Activos,Mujeres,2010T2,1648.8
De 35 a 39 años,Activos,Mujeres,2010T2,1595.9
De 40 a 44 años,Activos,Mujeres,2010T2,1438
De 45 a 49 años,Activos,Mujeres,2010T2,1310.4
De 50 a 54 años,Activos,Mujeres,2010T2,1030.7
De 55 a 59 años,Activos,Mujeres,2010T2,628.7
De 60 a 64 años,Activos,Mujeres,2010T2,339.4
De 65 a 69 años,Activos,Mujeres,2010T2,50.8
70 Y Más Años,Activos,Mujeres,2010T1,16.3
De 16 a 19 años,Activos,Mujeres,2010T1,155.2
De 20 a 24 años,Activos,Mujeres,2010T1,789.8
De 25 a 29 años,Activos,Mujeres,2010T1,1407.2
De 30 a 34 años,Activos,Mujeres,2010T1,1649.8
De 35 a 39 años,Activos,Mujeres,2010T1,1563.2
De 40 a 44 años,Activos,Mujeres,2010T1,1440.2
De 45 a 49 años,Activos,Mujeres,2010T1,1288.9
De 50 a 54 años,Activos,Mujeres,2010T1,1008.9
De 55 a 59 años,Activos,Mujeres,2010T1,638.4
De 60 a 64 años,Activos,Mujeres,2010T1,337.2
De 65 a 69 años,Activos,Mujeres,2010T1,46.7
